Transaction,Purchase_Date,Customer_ID,Gender,City,State_or_Province,Product_Family,Product_Department,Product_Category,Units_Sold,Transaction_Charge
1,12/18/11,7223,F,Los Angeles,CA,Food,Snack Foods,Snack Foods,5,$27.38
2,12/20/11,7841,M,Los Angeles,CA,Food,Produce,Vegetables,5,$14.90
3,12/21/11,8374,F,Bremerton,WA,Food,Snack Foods,Snack Foods,3,$5.52
4,12/21/11,9619,M,Portland,OR,Food,Snacks,Candy,4,$4.44
5,12/22/11,1900,F,Beverly Hills,CA,Drink,Beverages,Carbonated Beverages,4,$14.00
6,12/22/11,6696,F,Beverly Hills,CA,Food,Deli,Side Dishes,3,$4.37
7,12/23/11,9673,M,Salem,OR,Food,Frozen Foods,Breakfast Foods,4,$13.78
8,12/25/11,354,F,Yakima,WA,Food,Canned Foods,Canned Soup,6,$7.34
9,12/25/11,1293,M,Bellingham,WA,Non-Consumable,Household,Cleaning Supplies,1,$2.41
10,12/25/11,7938,M,San Diego,CA,Non-Consumable,Health and Hygiene,Pain Relievers,2,$8.96
11,12/26/11,9357,F,Beverly Hills,CA,Food,Snack Foods,Snack Foods,3,$11.82
12,12/26/11,3097,M,Beverly Hills,CA,Food,Baking Goods,Baking Goods,5,$14.45
13,12/26/11,2741,M,Bellingham,WA,Food,Canned Foods,Canned Tuna,4,$19.18
14,12/26/11,2032,F,Yakima,WA,Non-Consumable,Household,Plastic Products,4,$19.50
15,12/27/11,6651,M,Portland,OR,Food,Produce,Fruit,5,$13.06
16,12/27/11,5230,M,Salem,OR,Non-Consumable,Health and Hygiene,Hygiene,5,$12.42
17,12/27/11,6161,F,Tacoma,WA,Food,Frozen Foods,Meat,5,$17.65
18,12/28/11,5717,F,Los Angeles,CA,Food,Snack Foods,Snack Foods,3,$8.74
19,12/28/11,354,F,Yakima,WA,Drink,Dairy,Dairy,5,$7.75
20,12/28/11,3458,F,San Diego,CA,Drink,Beverages,Drinks,5,$6.66
21,12/29/11,1906,M,Beverly Hills,CA,Non-Consumable,Periodicals,Magazines,4,$17.92
22,12/29/11,20,F,San Diego,CA,Food,Produce,Fruit,5,$12.64
23,12/29/11,9795,M,Portland,OR,Food,Snacks,Candy,5,$14.48
24,12/29/11,4543,F,Salem,OR,Food,Deli,Meat,4,$4.21
25,12/29/11,3386,F,San Diego,CA,Drink,Alcoholic Beverages,Beer and Wine,4,$14.78
26,12/30/11,5005,M,San Francisco,CA,Food,Produce,Fruit,2,$4.49
27,12/30/11,1918,F,Beverly Hills,CA,Food,Baking Goods,Baking Goods,5,$13.41
28,12/30/11,5801,M,San Diego,CA,Non-Consumable,Checkout,Hardware,5,$3.42
29,12/30/11,3196,M,Salem,OR,Food,Produce,Fruit,2,$10.80
30,12/31/11,9554,M,Salem,OR,Food,Deli,Meat,4,$8.64
31,12/31/11,2670,F,San Diego,CA,Non-Consumable,Health and Hygiene,Pain Relievers,5,$21.62
32,12/31/11,7902,M,San Diego,CA,Non-Consumable,Household,Paper Products,6,$8.74
33,12/31/11,8466,M,Tacoma,WA,Food,Seafood,Seafood,4,$16.51
34,12/31/11,1953,F,Beverly Hills,CA,Food,Produce,Vegetables,3,$1.43
35,12/31/11,7617,F,Portland,OR,Non-Consumable,Household,Electrical,4,$10.94
36,1/1/12,240,M,Los Angeles,CA,Food,Produce,Fruit,2,$8.42
37,1/1/12,6510,F,Salem,OR,Food,Produce,Vegetables,5,$7.23
38,1/1/12,7570,M,Salem,OR,Non-Consumable,Health and Hygiene,Bathroom Products,3,$6.07
39,1/1/12,4686,F,Los Angeles,CA,Non-Consumable,Household,Electrical,5,$11.90
40,1/1/12,6207,M,Los Angeles,CA,Drink,Dairy,Dairy,5,$13.16
41,1/1/12,1161,M,Seattle,WA,Food,Produce,Vegetables,5,$14.05
42,1/2/12,8746,F,Yakima,WA,Non-Consumable,Household,Kitchen Products,6,$13.78
43,1/2/12,9736,M,Seattle,WA,Food,Deli,Side Dishes,5,$26.22
44,1/2/12,1634,F,Bremerton,WA,Food,Snack Foods,Snack Foods,4,$8.58
45,1/2/12,6253,F,Seattle,WA,Food,Baked Goods,Bread,4,$15.60
46,1/2/12,4239,F,Tacoma,WA,Non-Consumable,Health and Hygiene,Hygiene,4,$2.39
47,1/3/12,6960,F,Tacoma,WA,Non-Consumable,Household,Kitchen Products,5,$16.37
48,1/3/12,9812,F,Salem,OR,Food,Dairy,Dairy,5,$24.38
49,1/4/12,4279,F,Beverly Hills,CA,Food,Baking Goods,Baking Goods,4,$9.23
50,1/4/12,1940,F,Salem,OR,Non-Consumable,Health and Hygiene,Bathroom Products,3,$10.85
51,1/4/12,3799,F,Salem,OR,Food,Baking Goods,Baking Goods,5,$14.87
52,1/4/12,566,M,Walla Walla,WA,Food,Produce,Vegetables,2,$3.53
53,1/4/12,5125,F,Tacoma,WA,Food,Deli,Meat,6,$10.21
54,1/4/12,10026,F,Salem,OR,Food,Frozen Foods,Vegetables,5,$10.07
55,1/5/12,2533,M,Beverly Hills,CA,Food,Frozen Foods,Meat,5,$14.52
56,1/5/12,7733,M,Salem,OR,Non-Consumable,Household,Hardware,4,$40.83
57,1/5/12,3533,F,Bremerton,WA,Non-Consumable,Household,Plastic Products,4,$2.94
58,1/5/12,3490,F,Salem,OR,Food,Dairy,Dairy,3,$23.13
59,1/5/12,9125,M,Salem,OR,Food,Produce,Specialty,3,$17.95
60,1/5/12,10070,F,Salem,OR,Food,Dairy,Dairy,3,$6.88
61,1/5/12,3533,F,Bremerton,WA,Food,Canned Foods,Vegetables,5,$6.20
62,1/6/12,1596,M,San Diego,CA,Food,Baking Goods,Baking Goods,3,$2.78
63,1/7/12,8248,M,Beverly Hills,CA,Food,Canned Foods,Canned Sardines,6,$14.96
64,1/7/12,3197,F,Yakima,WA,Food,Produce,Fruit,5,$34.56
65,1/7/12,2061,M,Bremerton,WA,Food,Baked Goods,Bread,5,$11.05
66,1/7/12,5590,M,Tacoma,WA,Non-Consumable,Checkout,Miscellaneous,4,$6.28
67,1/7/12,760,F,Bremerton,WA,Food,Baking Goods,Baking Goods,5,$4.79
68,1/8/12,753,F,Bremerton,WA,Non-Consumable,Health and Hygiene,Hygiene,3,$7.28
69,1/8/12,2327,F,Salem,OR,Food,Snack Foods,Snack Foods,4,$11.04
70,1/8/12,7576,F,Salem,OR,Food,Baked Goods,Bread,5,$5.67
71,1/8/12,864,F,San Diego,CA,Food,Meat,Meat,5,$16.39
72,1/8/12,8593,M,Beverly Hills,CA,Non-Consumable,Health and Hygiene,Hygiene,5,$4.29
73,1/8/12,711,F,Tacoma,WA,Food,Canned Foods,Canned Sardines,4,$23.58
74,1/8/12,6460,M,San Diego,CA,Food,Canned Foods,Canned Soup,4,$21.47
75,1/9/12,1216,M,Tacoma,WA,Food,Produce,Fruit,3,$5.35
76,1/9/12,2997,M,Seattle,WA,Non-Consumable,Household,Cleaning Supplies,6,$17.57
77,1/9/12,4925,F,Spokane,WA,Food,Frozen Foods,Pizza,6,$35.26
78,1/9/12,2198,F,Salem,OR,Non-Consumable,Household,Cleaning Supplies,3,$17.28
79,1/9/12,6021,F,Salem,OR,Non-Consumable,Health and Hygiene,Decongestants,5,$8.35
80,1/9/12,2390,F,Tacoma,WA,Food,Deli,Meat,3,$11.04
81,1/10/12,240,M,Los Angeles,CA,Food,Produce,Vegetables,4,$17.52
82,1/10/12,7354,F,Bremerton,WA,Food,Snack Foods,Snack Foods,6,$16.05
83,1/10/12,4396,F,Salem,OR,Non-Consumable,Household,Hardware,5,$25.27
84,1/10/12,7823,F,Los Angeles,CA,Food,Dairy,Dairy,4,$36.50
85,1/10/12,76,F,Bremerton,WA,Non-Consumable,Household,Electrical,5,$17.70
86,1/10/12,3849,M,Seattle,WA,Food,Snacks,Candy,6,$24.90
87,1/11/12,7493,F,San Diego,CA,Food,Starchy Foods,Starchy Foods,4,$36.48
88,1/11/12,1193,F,Salem,OR,Food,Canned Foods,Canned Tuna,5,$6.53
89,1/11/12,1429,F,Salem,OR,Food,Snack Foods,Snack Foods,6,$14.06
90,1/12/12,4544,F,Los Angeles,CA,Food,Dairy,Dairy,5,$12.78
91,1/12/12,1275,M,San Diego,CA,Non-Consumable,Health and Hygiene,Hygiene,4,$1.56
92,1/12/12,1681,F,Salem,OR,Food,Snack Foods,Snack Foods,5,$29.63
93,1/12/12,4315,M,Tacoma,WA,Food,Snack Foods,Snack Foods,4,$11.32
94,1/12/12,9175,F,San Diego,CA,Food,Snack Foods,Snack Foods,5,$1.80
95,1/12/12,8054,F,Seattle,WA,Food,Deli,Side Dishes,3,$5.04
96,1/12/12,7702,M,Spokane,WA,Food,Breakfast Foods,Breakfast Foods,4,$3.61
97,1/12/12,769,F,Spokane,WA,Food,Dairy,Dairy,4,$12.58
98,1/13/12,20,F,San Diego,CA,Non-Consumable,Household,Cleaning Supplies,3,$19.49
99,1/13/12,6348,M,Spokane,WA,Food,Frozen Foods,Pizza,6,$4.61
100,1/13/12,7622,F,Bremerton,WA,Non-Consumable,Checkout,Miscellaneous,6,$11.04
101,1/13/12,4021,M,Spokane,WA,Non-Consumable,Health and Hygiene,Bathroom Products,5,$4.68
102,1/13/12,2086,M,Salem,OR,Non-Consumable,Household,Paper Products,3,$25.52
103,1/13/12,8862,M,Portland,OR,Food,Snack Foods,Snack Foods,4,$6.80
104,1/13/12,1429,F,Salem,OR,Food,Snack Foods,Snack Foods,2,$12.70
105,1/13/12,8289,M,Tacoma,WA,Food,Baking Goods,Jams and Jellies,3,$8.09
106,1/14/12,4544,F,Los Angeles,CA,Food,Deli,Meat,3,$7.06
107,1/14/12,4564,M,Tacoma,WA,Non-Consumable,Health and Hygiene,Hygiene,4,$2.86
108,1/14/12,6713,M,Salem,OR,Food,Snack Foods,Snack Foods,4,$19.66
109,1/14/12,7569,F,Salem,OR,Food,Produce,Vegetables,4,$5.04
110,1/14/12,3593,F,Bremerton,WA,Food,Deli,Meat,3,$9.94
111,1/14/12,1254,F,Seattle,WA,Food,Breakfast Foods,Breakfast Foods,4,$24.11
112,1/14/12,8818,M,Seattle,WA,Drink,Alcoholic Beverages,Beer and Wine,5,$29.64
113,1/14/12,5499,M,Portland,OR,Food,Baking Goods,Baking Goods,2,$14.76
114,1/14/12,5649,M,Bellingham,WA,Food,Baking Goods,Jams and Jellies,4,$9.68
115,1/15/12,2924,M,Bremerton,WA,Food,Canned Foods,Canned Tuna,5,$23.27
116,1/15/12,3861,F,San Francisco,CA,Food,Deli,Meat,2,$7.15
117,1/15/12,4396,F,Salem,OR,Food,Baking Goods,Baking Goods,3,$10.92
118,1/15/12,3313,M,Seattle,WA,Food,Frozen Foods,Breakfast Foods,3,$10.96
119,1/15/12,10213,M,Beverly Hills,CA,Food,Dairy,Dairy,4,$10.13
120,1/15/12,2331,F,San Diego,CA,Food,Frozen Foods,Vegetables,3,$11.99
121,1/15/12,9044,M,Los Angeles,CA,Food,Starchy Foods,Starchy Foods,5,$27.65
122,1/15/12,9459,F,Portland,OR,Food,Produce,Vegetables,3,$25.20
123,1/15/12,3938,M,Salem,OR,Non-Consumable,Household,Kitchen Products,5,$14.54
124,1/15/12,10240,F,Bremerton,WA,Food,Snack Foods,Snack Foods,4,$11.27
125,1/16/12,780,M,Salem,OR,Food,Frozen Foods,Pizza,3,$21.87
126,1/16/12,6760,F,Tacoma,WA,Food,Dairy,Dairy,4,$14.26
127,1/16/12,28,F,Seattle,WA,Food,Frozen Foods,Breakfast Foods,4,$11.04
128,1/16/12,1147,F,Salem,OR,Food,Produce,Vegetables,4,$10.43
129,1/16/12,6021,F,Salem,OR,Food,Baking Goods,Baking Goods,5,$7.01
130,1/16/12,484,F,Salem,OR,Food,Canned Foods,Canned Tuna,5,$9.59
131,1/16/12,7075,F,Seattle,WA,Food,Dairy,Dairy,3,$21.53
132,1/16/12,5973,M,Bremerton,WA,Food,Snacks,Candy,5,$31.13
133,1/17/12,1900,F,Beverly Hills,CA,Food,Produce,Fruit,2,$6.32
134,1/17/12,8154,F,Los Angeles,CA,Non-Consumable,Household,Paper Products,5,$20.40
135,1/17/12,7263,M,Portland,OR,Food,Baked Goods,Bread,4,$20.27
136,1/17/12,7694,F,Salem,OR,Food,Snack Foods,Snack Foods,4,$19.40
137,1/17/12,8091,F,Salem,OR,Drink,Alcoholic Beverages,Beer and Wine,4,$8.06
138,1/17/12,8259,F,Seattle,WA,Non-Consumable,Health and Hygiene,Bathroom Products,2,$6.24
139,1/17/12,3334,F,Tacoma,WA,Food,Produce,Vegetables,5,$12.18
140,1/17/12,8731,F,Bremerton,WA,Food,Starchy Foods,Starchy Foods,5,$18.84
141,1/17/12,2019,M,Spokane,WA,Non-Consumable,Household,Electrical,5,$30.19
142,1/17/12,2775,F,San Diego,CA,Food,Snack Foods,Snack Foods,6,$4.31
143,1/18/12,7743,F,Bremerton,WA,Food,Frozen Foods,Frozen Desserts,5,$31.70
144,1/18/12,4021,M,Spokane,WA,Food,Snack Foods,Snack Foods,4,$8.80
145,1/18/12,6518,M,Beverly Hills,CA,Food,Dairy,Dairy,5,$4.97
146,1/18/12,1748,F,Los Angeles,CA,Food,Produce,Vegetables,4,$26.50
147,1/18/12,2673,M,Portland,OR,Food,Snack Foods,Snack Foods,3,$23.06
148,1/18/12,7359,F,Salem,OR,Food,Frozen Foods,Pizza,5,$15.18
149,1/18/12,8452,M,Spokane,WA,Food,Produce,Fruit,5,$21.22
150,1/18/12,6957,F,Spokane,WA,Food,Snack Foods,Snack Foods,4,$11.34
151,1/18/12,7075,F,Seattle,WA,Food,Snack Foods,Snack Foods,4,$11.49
152,1/18/12,6647,M,Tacoma,WA,Food,Produce,Fruit,5,$19.12
153,1/18/12,4564,M,Tacoma,WA,Food,Frozen Foods,Frozen Desserts,2,$16.62
154,1/18/12,5898,M,Bremerton,WA,Food,Dairy,Dairy,3,$12.15
155,1/18/12,8269,F,Salem,OR,Food,Frozen Foods,Frozen Desserts,5,$23.27
156,1/19/12,1906,M,Beverly Hills,CA,Food,Baked Goods,Bread,5,$11.50
157,1/19/12,6439,F,Los Angeles,CA,Food,Dairy,Dairy,6,$29.30
158,1/19/12,5230,M,Salem,OR,Non-Consumable,Household,Cleaning Supplies,6,$14.02
159,1/19/12,1249,F,Seattle,WA,Food,Starchy Foods,Starchy Foods,4,$28.37
160,1/19/12,4552,M,Tacoma,WA,Food,Frozen Foods,Pizza,4,$22.38
161,1/19/12,4727,F,Spokane,WA,Food,Snack Foods,Snack Foods,5,$25.65
162,1/19/12,7781,M,Seattle,WA,Non-Consumable,Health and Hygiene,Decongestants,5,$18.69
163,1/19/12,3567,M,Spokane,WA,Food,Baking Goods,Jams and Jellies,4,$16.61
164,1/19/12,8818,M,Seattle,WA,Food,Baking Goods,Jams and Jellies,5,$20.22
165,1/19/12,5238,M,Tacoma,WA,Food,Snack Foods,Snack Foods,2,$11.22
166,1/19/12,2035,F,Seattle,WA,Food,Baking Goods,Jams and Jellies,5,$29.00
167,1/19/12,3132,F,Seattle,WA,Food,Produce,Vegetables,6,$15.73
168,1/19/12,8147,M,Bellingham,WA,Non-Consumable,Health and Hygiene,Bathroom Products,3,$2.92
169,1/19/12,5388,M,Portland,OR,Food,Snacks,Candy,2,$15.33
170,1/20/12,8830,F,San Francisco,CA,Food,Produce,Specialty,1,$2.63
171,1/20/12,3776,F,Salem,OR,Food,Frozen Foods,Meat,3,$6.70
172,1/20/12,8220,F,San Diego,CA,Food,Produce,Vegetables,3,$22.53
173,1/20/12,1193,F,Salem,OR,Food,Frozen Foods,Pizza,6,$7.64
174,1/20/12,9810,M,San Diego,CA,Food,Frozen Foods,Frozen Desserts,6,$6.46
175,1/20/12,5026,M,Tacoma,WA,Food,Baked Goods,Bread,3,$3.02
176,1/20/12,2398,F,Salem,OR,Drink,Alcoholic Beverages,Beer and Wine,3,$4.05
177,1/20/12,7845,F,Salem,OR,Food,Deli,Side Dishes,2,$6.62
178,1/20/12,4445,F,Tacoma,WA,Food,Snack Foods,Snack Foods,5,$23.32
179,1/20/12,2921,F,Spokane,WA,Food,Snack Foods,Snack Foods,3,$9.59
180,1/21/12,6079,F,Salem,OR,Non-Consumable,Health and Hygiene,Hygiene,4,$4.99
181,1/21/12,3242,F,Bremerton,WA,Drink,Beverages,Carbonated Beverages,5,$3.63
182,1/21/12,4066,F,Bremerton,WA,Food,Snack Foods,Snack Foods,3,$6.93
183,1/22/12,8291,F,Salem,OR,Food,Frozen Foods,Meat,3,$16.30
184,1/22/12,5991,M,Bremerton,WA,Non-Consumable,Household,Cleaning Supplies,4,$17.46
185,1/22/12,7446,M,Salem,OR,Food,Frozen Foods,Meat,3,$9.05
186,1/22/12,2251,M,Salem,OR,Food,Meat,Meat,4,$2.68
187,1/22/12,3001,F,Salem,OR,Food,Produce,Vegetables,4,$44.78
188,1/22/12,7823,F,Los Angeles,CA,Food,Deli,Side Dishes,6,$8.06
189,1/22/12,9129,F,Seattle,WA,Food,Baking Goods,Jams and Jellies,6,$2.95
190,1/22/12,8060,M,Walla Walla,WA,Food,Produce,Vegetables,1,$1.65
191,1/22/12,2361,M,San Diego,CA,Food,Deli,Meat,3,$4.43
192,1/23/12,4016,F,Los Angeles,CA,Food,Produce,Vegetables,5,$5.24
193,1/23/12,1313,F,Seattle,WA,Food,Frozen Foods,Frozen Desserts,4,$8.30
194,1/23/12,304,M,Salem,OR,Non-Consumable,Household,Cleaning Supplies,4,$19.05
195,1/23/12,2143,M,Tacoma,WA,Food,Baking Goods,Baking Goods,2,$7.45
196,1/23/12,878,F,Bremerton,WA,Non-Consumable,Household,Plastic Products,4,$15.22
197,1/23/12,2313,F,San Diego,CA,Food,Canned Foods,Canned Sardines,4,$10.80
198,1/23/12,363,F,Los Angeles,CA,Food,Deli,Meat,6,$30.91
199,1/23/12,3412,M,Portland,OR,Non-Consumable,Health and Hygiene,Decongestants,3,$16.79
200,1/23/12,5016,M,Los Angeles,CA,Food,Deli,Meat,3,$13.86
201,1/23/12,4727,F,Spokane,WA,Food,Snack Foods,Snack Foods,5,$6.60
202,1/23/12,3776,F,Salem,OR,Non-Consumable,Household,Electrical,4,$7.49
203,1/23/12,9826,M,Salem,OR,Food,Produce,Vegetables,4,$10.88
204,1/23/12,3773,F,Tacoma,WA,Food,Produce,Vegetables,5,$9.01
205,1/23/12,9263,F,Spokane,WA,Food,Canned Foods,Canned Tuna,3,$8.63
206,1/23/12,9306,M,San Diego,CA,Non-Consumable,Health and Hygiene,Bathroom Products,3,$7.81
207,1/23/12,7149,F,Salem,OR,Food,Produce,Fruit,4,$2.63
208,1/24/12,2158,M,Portland,OR,Food,Produce,Vegetables,4,$13.68
209,1/24/12,213,F,Los Angeles,CA,Non-Consumable,Household,Kitchen Products,3,$25.29
210,1/24/12,3446,F,Walla Walla,WA,Food,Snack Foods,Snack Foods,3,$13.06
211,1/24/12,8606,F,Seattle,WA,Food,Canned Foods,Canned Sardines,4,$15.12
212,1/24/12,976,F,Spokane,WA,Non-Consumable,Household,Paper Products,3,$10.71
213,1/24/12,5734,M,Salem,OR,Food,Canned Foods,Vegetables,3,$6.40
214,1/24/12,9264,F,San Diego,CA,Drink,Beverages,Carbonated Beverages,4,$26.68
215,1/24/12,4670,M,Tacoma,WA,Food,Baking Goods,Baking Goods,3,$11.47
216,1/25/12,8342,F,San Diego,CA,Food,Baking Goods,Baking Goods,4,$8.12
217,1/25/12,4457,M,Walla Walla,WA,Food,Snack Foods,Snack Foods,2,$5.34
218,1/25/12,1741,M,Portland,OR,Food,Dairy,Dairy,3,$4.75
219,1/25/12,9014,F,Salem,OR,Food,Canned Foods,Canned Soup,4,$4.22
220,1/25/12,6866,F,Tacoma,WA,Food,Canned Products,Fruit,5,$9.13
221,1/26/12,2878,F,Bremerton,WA,Food,Deli,Meat,3,$17.22
222,1/26/12,9551,M,San Diego,CA,Drink,Beverages,Carbonated Beverages,5,$2.31
223,1/26/12,3799,F,Salem,OR,Non-Consumable,Carousel,Specialty,6,$23.92
224,1/26/12,9469,F,Tacoma,WA,Non-Consumable,Household,Kitchen Products,5,$11.35
225,1/26/12,4813,F,Los Angeles,CA,Food,Eggs,Eggs,3,$26.50
226,1/26/12,5358,F,Bremerton,WA,Food,Frozen Foods,Vegetables,5,$7.04
227,1/26/12,6866,F,Tacoma,WA,Food,Frozen Foods,Frozen Desserts,3,$7.76
228,1/26/12,1387,F,Portland,OR,Food,Baking Goods,Baking Goods,2,$5.56
229,1/26/12,7617,F,Portland,OR,Drink,Alcoholic Beverages,Beer and Wine,4,$10.72
230,1/26/12,1965,F,Tacoma,WA,Food,Dairy,Dairy,5,$17.16
231,1/27/12,2878,F,Bremerton,WA,Food,Canned Foods,Canned Soup,4,$6.23
232,1/27/12,5476,M,Salem,OR,Food,Frozen Foods,Vegetables,5,$19.52
233,1/27/12,2664,F,Tacoma,WA,Food,Baking Goods,Baking Goods,2,$2.75
234,1/27/12,10161,M,Beverly Hills,CA,Food,Deli,Meat,5,$3.04
235,1/27/12,10240,F,Bremerton,WA,Food,Baking Goods,Baking Goods,3,$8.66
236,1/27/12,9175,F,San Diego,CA,Food,Frozen Foods,Pizza,4,$23.13
237,1/27/12,3667,F,Seattle,WA,Food,Snack Foods,Snack Foods,6,$7.84
238,1/27/12,1748,F,Los Angeles,CA,Food,Baked Goods,Bread,4,$9.87
239,1/27/12,3153,F,Salem,OR,Food,Starchy Foods,Starchy Foods,5,$20.88
240,1/27/12,3388,F,Salem,OR,Food,Deli,Meat,6,$4.10
241,1/27/12,10026,F,Salem,OR,Drink,Beverages,Pure Juice Beverages,4,$19.44
242,1/27/12,997,F,Bremerton,WA,Food,Frozen Foods,Meat,3,$15.57
243,1/27/12,5499,M,Portland,OR,Food,Produce,Vegetables,4,$19.07
244,1/27/12,7368,F,Portland,OR,Non-Consumable,Household,Cleaning Supplies,6,$12.69
245,1/27/12,8427,M,Spokane,WA,Non-Consumable,Health and Hygiene,Decongestants,5,$7.31
246,1/27/12,8901,M,Salem,OR,Food,Produce,Vegetables,4,$13.99
247,1/27/12,3673,M,Walla Walla,WA,Food,Frozen Foods,Frozen Desserts,4,$16.80
248,1/27/12,5143,M,Tacoma,WA,Food,Baking Goods,Jams and Jellies,5,$9.52
249,1/28/12,10233,M,San Diego,CA,Food,Frozen Foods,Breakfast Foods,3,$30.19
250,1/28/12,1758,F,Bremerton,WA,Drink,Beverages,Hot Beverages,4,$2.46
251,1/28/12,2448,F,Spokane,WA,Food,Deli,Side Dishes,3,$6.65
252,1/28/12,2890,F,Los Angeles,CA,Drink,Alcoholic Beverages,Beer and Wine,6,$18.22
253,1/28/12,7352,F,Los Angeles,CA,Drink,Alcoholic Beverages,Beer and Wine,4,$4.56
254,1/28/12,3092,M,Seattle,WA,Non-Consumable,Periodicals,Magazines,4,$37.65
255,1/28/12,4445,F,Tacoma,WA,Food,Produce,Vegetables,4,$5.26
256,1/28/12,3463,M,Salem,OR,Food,Canned Foods,Vegetables,5,$5.04
257,1/28/12,6501,F,San Diego,CA,Food,Baked Goods,Bread,3,$3.56
258,1/28/12,8758,M,Los Angeles,CA,Drink,Beverages,Pure Juice Beverages,6,$15.65
259,1/29/12,3153,F,Salem,OR,Food,Canned Foods,Canned Oysters,2,$9.72
260,1/29/12,4179,M,San Diego,CA,Food,Frozen Foods,Breakfast Foods,2,$6.48
261,1/29/12,6655,F,Portland,OR,Food,Snack Foods,Snack Foods,3,$9.21
262,1/29/12,1423,F,Salem,OR,Drink,Alcoholic Beverages,Beer and Wine,5,$6.28
263,1/29/12,4021,M,Spokane,WA,Non-Consumable,Household,Kitchen Products,6,$30.35
264,1/29/12,4443,F,Portland,OR,Food,Deli,Meat,2,$8.37
265,1/29/12,5079,F,Beverly Hills,CA,Food,Produce,Specialty,3,$10.69
266,1/29/12,5831,M,Bremerton,WA,Food,Produce,Fruit,6,$10.76
267,1/29/12,4287,F,Seattle,WA,Food,Baking Goods,Jams and Jellies,3,$12.88
268,1/30/12,3480,F,Los Angeles,CA,Food,Frozen Foods,Frozen Desserts,5,$24.44
269,1/30/12,7801,M,Los Angeles,CA,Food,Baking Goods,Baking Goods,4,$6.49
270,1/30/12,4070,M,Yakima,WA,Food,Canned Foods,Canned Soup,6,$31.58
271,1/30/12,8578,F,Yakima,WA,Food,Baked Goods,Bread,2,$4.09
272,1/30/12,3599,M,Salem,OR,Food,Starchy Foods,Starchy Foods,5,$4.83
273,1/30/12,8164,F,Salem,OR,Food,Dairy,Dairy,4,$15.75
274,1/30/12,5038,M,Tacoma,WA,Food,Produce,Packaged Vegetables,5,$9.96
275,1/30/12,9469,F,Tacoma,WA,Food,Snack Foods,Snack Foods,5,$13.57
276,1/30/12,8283,M,Tacoma,WA,Food,Frozen Foods,Breakfast Foods,6,$12.51
277,1/30/12,6204,F,Salem,OR,Non-Consumable,Household,Electrical,2,$5.73
278,1/30/12,378,M,Spokane,WA,Food,Produce,Fruit,5,$10.92
279,1/30/12,6835,M,Spokane,WA,Non-Consumable,Household,Kitchen Products,3,$18.85
280,1/30/12,7341,M,San Diego,CA,Food,Deli,Meat,3,$15.34
281,1/30/12,9694,M,Los Angeles,CA,Drink,Alcoholic Beverages,Beer and Wine,3,$10.43
282,1/30/12,1070,F,Bremerton,WA,Food,Dairy,Dairy,3,$7.25
283,1/31/12,9331,M,Portland,OR,Non-Consumable,Health and Hygiene,Decongestants,3,$8.46
284,1/31/12,9390,M,Los Angeles,CA,Drink,Alcoholic Beverages,Beer and Wine,2,$13.03
285,1/31/12,7801,M,Los Angeles,CA,Food,Produce,Vegetables,4,$5.24
286,1/31/12,1005,M,Bremerton,WA,Food,Canned Foods,Canned Soup,4,$7.83
287,1/31/12,2011,M,Yakima,WA,Food,Produce,Vegetables,4,$18.80
288,1/31/12,4217,F,Bellingham,WA,Food,Deli,Meat,4,$15.40
289,1/31/12,6843,M,Seattle,WA,Non-Consumable,Health and Hygiene,Bathroom Products,5,$36.92
290,1/31/12,2295,M,Tacoma,WA,Food,Produce,Vegetables,5,$24.68
291,1/31/12,6635,F,San Diego,CA,Food,Canned Foods,Canned Oysters,3,$5.51
292,1/31/12,7178,F,San Diego,CA,Food,Canned Foods,Canned Soup,4,$30.46
293,1/31/12,3012,F,San Diego,CA,Food,Canned Products,Fruit,4,$8.38
294,2/1/12,6083,M,San Diego,CA,Food,Snacks,Candy,4,$28.90
295,2/1/12,780,M,Salem,OR,Food,Meat,Meat,5,$11.92
296,2/1/12,9461,M,Tacoma,WA,Food,Baking Goods,Baking Goods,5,$6.96
297,2/1/12,4337,M,Beverly Hills,CA,Non-Consumable,Household,Cleaning Supplies,3,$6.27
298,2/1/12,5686,M,Bremerton,WA,Food,Produce,Fruit,4,$2.81
299,2/1/12,745,F,Seattle,WA,Drink,Alcoholic Beverages,Beer and Wine,3,$1.60
300,2/1/12,1379,F,Beverly Hills,CA,Food,Produce,Vegetables,7,$32.32
301,2/1/12,4763,F,San Diego,CA,Drink,Beverages,Pure Juice Beverages,4,$8.40
302,2/1/12,6233,F,Portland,OR,Food,Produce,Vegetables,6,$11.26
303,2/1/12,6273,M,San Diego,CA,Food,Produce,Vegetables,5,$22.75
304,2/1/12,6273,M,San Diego,CA,Food,Dairy,Dairy,6,$14.87
305,2/1/12,6675,M,Walla Walla,WA,Food,Snacks,Candy,4,$3.75
306,2/2/12,4825,F,Beverly Hills,CA,Food,Produce,Vegetables,5,$13.68
307,2/2/12,2376,M,Portland,OR,Drink,Alcoholic Beverages,Beer and Wine,4,$18.82
308,2/2/12,5389,F,Los Angeles,CA,Food,Canned Foods,Canned Soup,3,$11.00
309,2/2/12,9736,M,Seattle,WA,Food,Snack Foods,Snack Foods,5,$26.77
310,2/2/12,3503,F,Beverly Hills,CA,Food,Snacks,Candy,6,$14.16
311,2/2/12,8171,F,San Diego,CA,Drink,Beverages,Hot Beverages,5,$12.24
312,2/2/12,3020,F,Salem,OR,Food,Canned Foods,Canned Soup,4,$21.79
313,2/2/12,2396,F,Beverly Hills,CA,Food,Produce,Fruit,2,$6.96
314,2/2/12,1114,M,San Diego,CA,Food,Frozen Foods,Frozen Entrees,5,$8.50
315,2/2/12,4081,F,San Diego,CA,Food,Frozen Foods,Meat,3,$11.99
316,2/2/12,5162,M,Walla Walla,WA,Non-Consumable,Health and Hygiene,Bathroom Products,2,$12.31
317,2/2/12,7060,M,Los Angeles,CA,Food,Produce,Vegetables,3,$15.48
318,2/2/12,8644,M,Salem,OR,Food,Snack Foods,Snack Foods,3,$8.64
319,2/2/12,7413,F,Bremerton,WA,Food,Starchy Foods,Starchy Foods,4,$10.76
320,2/2/12,9924,F,Seattle,WA,Food,Produce,Vegetables,5,$6.63
321,2/2/12,7927,M,Seattle,WA,Food,Canned Foods,Vegetables,4,$8.17
322,2/2/12,6792,M,Salem,OR,Drink,Alcoholic Beverages,Beer and Wine,5,$14.25
323,2/2/12,3755,M,San Diego,CA,Food,Baking Goods,Baking Goods,5,$18.40
324,2/2/12,5553,F,Beverly Hills,CA,Non-Consumable,Checkout,Miscellaneous,5,$13.19
325,2/2/12,3497,M,Tacoma,WA,Food,Canned Foods,Vegetables,3,$5.04
326,2/2/12,8557,M,Los Angeles,CA,Food,Deli,Side Dishes,5,$12.49
327,2/2/12,9753,F,Portland,OR,Food,Produce,Vegetables,7,$16.80
328,2/2/12,5379,F,Tacoma,WA,Non-Consumable,Checkout,Miscellaneous,5,$10.83
329,2/3/12,3861,F,San Francisco,CA,Non-Consumable,Health and Hygiene,Pain Relievers,1,$5.80
330,2/3/12,190,F,Salem,OR,Food,Deli,Meat,5,$10.73
331,2/3/12,7775,M,Los Angeles,CA,Food,Canned Foods,Canned Anchovies,4,$14.25
332,2/3/12,566,M,Walla Walla,WA,Non-Consumable,Health and Hygiene,Hygiene,3,$3.20
333,2/3/12,5984,M,Tacoma,WA,Food,Starchy Foods,Starchy Foods,5,$3.56
334,2/3/12,6359,F,Los Angeles,CA,Food,Meat,Meat,6,$13.57
335,2/3/12,9785,M,Seattle,WA,Food,Produce,Vegetables,4,$11.19
336,2/3/12,1561,F,San Diego,CA,Non-Consumable,Health and Hygiene,Bathroom Products,5,$11.72
337,2/3/12,5647,M,Seattle,WA,Food,Produce,Fruit,3,$15.51
338,2/3/12,8427,M,Spokane,WA,Food,Baked Goods,Bread,4,$21.98
339,2/3/12,9855,F,Beverly Hills,CA,Food,Frozen Foods,Pizza,5,$9.75
340,2/3/12,7056,F,Bremerton,WA,Food,Deli,Meat,3,$13.98
341,2/3/12,3239,F,Tacoma,WA,Food,Snack Foods,Snack Foods,5,$23.76
342,2/3/12,3310,F,Tacoma,WA,Non-Consumable,Health and Hygiene,Bathroom Products,4,$3.26
343,2/4/12,6510,F,Salem,OR,Non-Consumable,Household,Kitchen Products,4,$20.64
344,2/4/12,7619,F,Beverly Hills,CA,Food,Produce,Fruit,4,$4.48
345,2/4/12,4995,M,Salem,OR,Drink,Alcoholic Beverages,Beer and Wine,4,$12.10
346,2/4/12,3533,F,Bremerton,WA,Food,Snack Foods,Snack Foods,4,$13.56
347,2/4/12,4678,M,Salem,OR,Food,Produce,Fruit,5,$6.26
348,2/4/12,8269,F,Salem,OR,Food,Baking Goods,Baking Goods,5,$10.08
349,2/4/12,4461,M,Portland,OR,Food,Baking Goods,Baking Goods,3,$2.94
350,2/4/12,5456,F,San Francisco,CA,Food,Canned Products,Fruit,3,$1.06
351,2/4/12,2924,M,Bremerton,WA,Food,Canned Products,Fruit,6,$17.12
352,2/4/12,4649,M,Tacoma,WA,Food,Snack Foods,Snack Foods,4,$20.35
353,2/4/12,5341,F,Tacoma,WA,Food,Baked Goods,Bread,3,$11.70
354,2/5/12,1023,M,Los Angeles,CA,Non-Consumable,Health and Hygiene,Hygiene,4,$19.95
355,2/5/12,6854,M,Tacoma,WA,Food,Produce,Vegetables,2,$11.24
356,2/5/12,8551,F,Tacoma,WA,Food,Starchy Foods,Starchy Foods,6,$6.30
357,2/5/12,9788,F,Salem,OR,Food,Baking Goods,Jams and Jellies,3,$7.10
358,2/5/12,7556,F,Tacoma,WA,Food,Produce,Vegetables,6,$38.07
359,2/5/12,10039,M,San Diego,CA,Food,Snack Foods,Snack Foods,5,$15.30
360,2/5/12,3567,M,Spokane,WA,Food,Seafood,Seafood,3,$13.50
361,2/5/12,4066,F,Bremerton,WA,Food,Frozen Foods,Frozen Desserts,3,$5.18
362,2/5/12,4268,M,Portland,OR,Non-Consumable,Health and Hygiene,Bathroom Products,5,$10.58
363,2/5/12,2921,F,Spokane,WA,Drink,Beverages,Hot Beverages,3,$11.66
364,2/5/12,2523,M,Beverly Hills,CA,Food,Snack Foods,Snack Foods,4,$6.48
365,2/5/12,7281,F,Tacoma,WA,Food,Frozen Foods,Breakfast Foods,4,$2.31
366,2/5/12,2441,M,Tacoma,WA,Non-Consumable,Household,Paper Products,6,$17.09
367,2/6/12,2890,F,Los Angeles,CA,Food,Produce,Fruit,5,$24.86
368,2/6/12,4431,F,Salem,OR,Food,Deli,Meat,6,$11.23
369,2/6/12,4105,F,Bremerton,WA,Non-Consumable,Household,Kitchen Products,3,$11.61
370,2/6/12,4727,F,Spokane,WA,Food,Snacks,Candy,5,$9.63
371,2/6/12,6960,F,Tacoma,WA,Food,Dairy,Dairy,4,$32.02
372,2/6/12,9208,F,Seattle,WA,Food,Canned Foods,Canned Soup,5,$9.75
373,2/6/12,2918,F,Tacoma,WA,Non-Consumable,Household,Kitchen Products,5,$14.84
374,2/6/12,6616,M,Portland,OR,Food,Baked Goods,Bread,6,$12.12
375,2/6/12,4417,M,Bremerton,WA,Food,Snack Foods,Snack Foods,5,$9.86
376,2/6/12,5944,M,Bremerton,WA,Food,Starchy Foods,Starchy Foods,4,$5.56
377,2/6/12,1329,F,Seattle,WA,Food,Produce,Fruit,3,$8.35
378,2/7/12,1304,M,Salem,OR,Food,Dairy,Dairy,4,$7.70
379,2/7/12,9554,M,Salem,OR,Food,Eggs,Eggs,5,$3.15
380,2/7/12,625,M,Salem,OR,Non-Consumable,Household,Electrical,3,$9.74
381,2/7/12,6675,M,Walla Walla,WA,Food,Baking Goods,Jams and Jellies,4,$4.67
382,2/7/12,4337,M,Beverly Hills,CA,Food,Produce,Vegetables,4,$13.91
383,2/7/12,2613,F,Portland,OR,Food,Produce,Fruit,2,$15.39
384,2/7/12,7151,M,San Diego,CA,Drink,Beverages,Hot Beverages,4,$17.18
385,2/7/12,2525,M,Salem,OR,Food,Produce,Vegetables,4,$15.31
386,2/7/12,5533,F,Salem,OR,Food,Deli,Side Dishes,4,$15.39
387,2/7/12,880,M,Portland,OR,Food,Produce,Vegetables,3,$15.46
388,2/7/12,7324,F,Beverly Hills,CA,Non-Consumable,Health and Hygiene,Hygiene,4,$12.64
389,2/7/12,3415,M,Seattle,WA,Non-Consumable,Health and Hygiene,Bathroom Products,2,$5.24
390,2/7/12,8215,M,Portland,OR,Food,Produce,Vegetables,5,$8.57
391,2/8/12,373,F,Salem,OR,Non-Consumable,Household,Cleaning Supplies,3,$5.22
392,2/8/12,9236,M,Salem,OR,Food,Baked Goods,Bread,5,$8.68
393,2/8/12,1931,M,Seattle,WA,Food,Canned Products,Fruit,3,$10.61
394,2/8/12,8634,F,Los Angeles,CA,Food,Produce,Specialty,2,$11.47
395,2/8/12,9057,M,San Diego,CA,Non-Consumable,Checkout,Miscellaneous,3,$10.44
396,2/8/12,1196,M,Salem,OR,Food,Frozen Foods,Breakfast Foods,4,$10.75
397,2/8/12,4828,M,Los Angeles,CA,Food,Baking Goods,Baking Goods,3,$4.88
398,2/8/12,6675,M,Walla Walla,WA,Non-Consumable,Health and Hygiene,Bathroom Products,3,$11.28
399,2/8/12,1005,M,Bremerton,WA,Food,Snack Foods,Snack Foods,2,$5.88
400,2/8/12,8858,M,Beverly Hills,CA,Food,Produce,Fruit,6,$4.88
401,2/8/12,5925,M,Seattle,WA,Food,Produce,Specialty,5,$5.31
402,2/8/12,6001,F,Tacoma,WA,Food,Frozen Foods,Vegetables,3,$3.98
403,2/9/12,4247,F,Portland,OR,Food,Produce,Fruit,3,$16.38
404,2/9/12,7493,F,San Diego,CA,Food,Canned Foods,Vegetables,4,$15.02
405,2/9/12,4315,M,Tacoma,WA,Food,Dairy,Dairy,5,$19.14
406,2/9/12,9309,M,Tacoma,WA,Drink,Beverages,Carbonated Beverages,4,$5.50
407,2/9/12,1196,M,Salem,OR,Food,Canned Foods,Canned Soup,2,$16.14
408,2/9/12,2398,F,Salem,OR,Non-Consumable,Household,Kitchen Products,5,$14.48
409,2/9/12,6559,M,Bremerton,WA,Food,Snack Foods,Snack Foods,3,$10.56
410,2/9/12,10186,M,Salem,OR,Food,Baking Goods,Jams and Jellies,4,$7.94
411,2/9/12,9752,F,Tacoma,WA,Food,Snack Foods,Snack Foods,4,$11.43
412,2/10/12,148,M,Seattle,WA,Food,Frozen Foods,Pizza,3,$3.08
413,2/10/12,8574,F,Seattle,WA,Food,Canned Foods,Vegetables,3,$4.54
414,2/10/12,4401,M,Portland,OR,Food,Snack Foods,Snack Foods,3,$6.77
415,2/10/12,4779,M,Salem,OR,Non-Consumable,Household,Paper Products,5,$14.95
416,2/10/12,9752,F,Tacoma,WA,Food,Produce,Specialty,3,$13.06
417,2/10/12,8116,F,Salem,OR,Food,Frozen Foods,Vegetables,4,$7.96
418,2/10/12,8901,M,Salem,OR,Non-Consumable,Health and Hygiene,Hygiene,6,$12.16
419,2/10/12,8730,F,Los Angeles,CA,Food,Snack Foods,Snack Foods,3,$8.78
420,2/11/12,7324,F,Los Angeles,CA,Drink,Beverages,Pure Juice Beverages,3,$26.64
421,2/11/12,9021,M,Los Angeles,CA,Food,Baked Goods,Bread,3,$18.53
422,2/11/12,4892,M,Tacoma,WA,Food,Baking Goods,Baking Goods,4,$16.56
423,2/11/12,7743,F,Bremerton,WA,Food,Frozen Foods,Vegetables,3,$23.90
424,2/11/12,7781,M,Seattle,WA,Food,Snacks,Candy,4,$6.38
425,2/11/12,8435,F,Tacoma,WA,Drink,Beverages,Hot Beverages,5,$15.62
426,2/11/12,1808,M,San Diego,CA,Non-Consumable,Health and Hygiene,Hygiene,4,$13.62
427,2/11/12,8984,F,Beverly Hills,CA,Food,Starchy Foods,Starchy Foods,6,$15.84
428,2/11/12,9014,F,Salem,OR,Food,Deli,Meat,5,$21.56
429,2/11/12,7171,M,Yakima,WA,Non-Consumable,Household,Plastic Products,4,$13.11
430,2/11/12,287,F,Beverly Hills,CA,Food,Snack Foods,Snack Foods,4,$5.04
431,2/11/12,7413,F,Bremerton,WA,Food,Canned Foods,Canned Soup,3,$2.11
432,2/11/12,8454,F,Tacoma,WA,Non-Consumable,Household,Cleaning Supplies,3,$3.84
433,2/12/12,780,M,Salem,OR,Non-Consumable,Health and Hygiene,Bathroom Products,4,$10.13
434,2/12/12,7781,M,Seattle,WA,Food,Snack Foods,Snack Foods,6,$12.79
435,2/12/12,1897,F,Salem,OR,Food,Snack Foods,Snack Foods,4,$12.72
436,2/12/12,7525,M,Bellingham,WA,Food,Produce,Vegetables,3,$2.93
437,2/12/12,1205,F,Seattle,WA,Food,Breakfast Foods,Breakfast Foods,5,$11.09
438,2/12/12,260,M,Portland,OR,Food,Baking Goods,Jams and Jellies,6,$31.36
439,2/12/12,1159,F,Portland,OR,Food,Produce,Vegetables,4,$29.34
440,2/12/12,924,M,Bremerton,WA,Non-Consumable,Household,Candles,7,$3.36
441,2/12/12,7276,M,Yakima,WA,Food,Dairy,Dairy,4,$9.65
442,2/12/12,3552,F,Tacoma,WA,Food,Frozen Foods,Breakfast Foods,7,$4.35
443,2/12/12,6001,F,Tacoma,WA,Non-Consumable,Periodicals,Magazines,5,$4.50
444,2/13/12,7319,M,Salem,OR,Non-Consumable,Health and Hygiene,Hygiene,4,$12.84
445,2/13/12,3930,M,Seattle,WA,Food,Snack Foods,Snack Foods,3,$3.99
446,2/13/12,3976,M,Tacoma,WA,Food,Deli,Meat,5,$12.80
447,2/13/12,1467,F,Seattle,WA,Food,Snack Foods,Snack Foods,5,$14.16
448,2/13/12,1999,M,Portland,OR,Food,Baking Goods,Jams and Jellies,3,$7.62
449,2/13/12,7433,M,Portland,OR,Food,Starchy Foods,Starchy Foods,3,$9.11
450,2/13/12,1633,M,Bremerton,WA,Food,Baking Goods,Jams and Jellies,3,$10.84
451,2/13/12,2896,F,Bremerton,WA,Food,Snack Foods,Snack Foods,5,$7.00
452,2/13/12,3160,F,Tacoma,WA,Food,Snack Foods,Snack Foods,3,$22.44
453,2/13/12,2254,M,Los Angeles,CA,Food,Frozen Foods,Breakfast Foods,5,$11.53
454,2/13/12,3075,M,Yakima,WA,Food,Snack Foods,Snack Foods,3,$6.43
455,2/14/12,8351,M,Spokane,WA,Food,Snack Foods,Snack Foods,4,$8.95
456,2/14/12,9728,M,Spokane,WA,Food,Produce,Fruit,3,$6.79
457,2/14/12,6319,M,Bellingham,WA,Food,Snack Foods,Snack Foods,3,$2.08
458,2/14/12,2625,F,Salem,OR,Food,Snack Foods,Snack Foods,5,$3.59
459,2/14/12,9331,M,Portland,OR,Non-Consumable,Health and Hygiene,Hygiene,4,$10.88
460,2/14/12,76,F,Bremerton,WA,Food,Snack Foods,Snack Foods,5,$19.12
461,2/14/12,4909,M,Los Angeles,CA,Food,Produce,Specialty,4,$11.15
462,2/14/12,5528,F,San Diego,CA,Food,Baking Goods,Jams and Jellies,3,$12.71
463,2/14/12,10026,F,Salem,OR,Non-Consumable,Household,Cleaning Supplies,5,$7.38
464,2/14/12,4351,M,Yakima,WA,Food,Starchy Foods,Starchy Foods,6,$49.25
465,2/15/12,2298,F,Bremerton,WA,Food,Dairy,Dairy,4,$4.56
466,2/15/12,9710,M,Beverly Hills,CA,Food,Snack Foods,Snack Foods,3,$2.58
467,2/15/12,5954,M,Beverly Hills,CA,Food,Produce,Fruit,4,$7.06
468,2/15/12,9797,F,Spokane,WA,Food,Dairy,Dairy,6,$22.64
469,2/15/12,8235,F,Walla Walla,WA,Food,Produce,Fruit,3,$3.84
470,2/15/12,3336,F,Seattle,WA,Non-Consumable,Health and Hygiene,Bathroom Products,5,$2.96
471,2/15/12,4247,F,Portland,OR,Food,Produce,Fruit,3,$19.32
472,2/15/12,2818,M,Los Angeles,CA,Drink,Dairy,Dairy,4,$7.14
473,2/15/12,604,F,San Francisco,CA,Non-Consumable,Health and Hygiene,Cold Remedies,2,$4.38
474,2/15/12,4283,M,Seattle,WA,Drink,Beverages,Carbonated Beverages,3,$15.66
475,2/15/12,1565,M,San Diego,CA,Non-Consumable,Household,Paper Products,4,$9.83
476,2/15/12,4165,F,Bremerton,WA,Drink,Dairy,Dairy,5,$3.66
477,2/15/12,9976,F,Tacoma,WA,Food,Frozen Foods,Frozen Desserts,5,$2.14
478,2/15/12,7262,F,Salem,OR,Food,Canned Foods,Canned Soup,4,$7.91
479,2/15/12,8269,F,Salem,OR,Food,Baked Goods,Bread,3,$22.85
480,2/16/12,283,M,San Francisco,CA,Food,Produce,Fruit,4,$11.30
481,2/16/12,6997,F,Salem,OR,Food,Canned Foods,Canned Tuna,3,$7.90
482,2/16/12,6957,F,Spokane,WA,Non-Consumable,Health and Hygiene,Decongestants,2,$6.41
483,2/16/12,6301,F,Seattle,WA,Non-Consumable,Health and Hygiene,Bathroom Products,3,$3.28
484,2/16/12,3373,F,Seattle,WA,Food,Baking Goods,Jams and Jellies,6,$27.12
485,2/16/12,2775,F,San Diego,CA,Food,Snacks,Candy,7,$18.96
486,2/16/12,5452,F,Salem,OR,Food,Baking Goods,Baking Goods,4,$10.49
487,2/16/12,7881,M,San Diego,CA,Non-Consumable,Periodicals,Magazines,6,$8.14
488,2/16/12,5015,F,Bellingham,WA,Non-Consumable,Household,Paper Products,3,$4.98
489,2/16/12,9752,F,Tacoma,WA,Non-Consumable,Household,Electrical,4,$19.72
490,2/16/12,7913,M,Tacoma,WA,Non-Consumable,Household,Electrical,3,$15.12
491,2/16/12,4543,F,Salem,OR,Non-Consumable,Household,Cleaning Supplies,4,$7.59
492,2/16/12,5899,F,Salem,OR,Food,Deli,Meat,5,$30.62
493,2/16/12,7391,M,Los Angeles,CA,Food,Frozen Foods,Frozen Desserts,3,$4.75
494,2/17/12,6442,F,Beverly Hills,CA,Drink,Beverages,Hot Beverages,5,$12.47
495,2/17/12,7189,F,Salem,OR,Food,Snacks,Candy,5,$2.46
496,2/17/12,2389,M,Los Angeles,CA,Food,Produce,Vegetables,7,$22.44
497,2/17/12,3976,M,Tacoma,WA,Food,Deli,Side Dishes,4,$20.97
498,2/17/12,8504,F,Salem,OR,Drink,Beverages,Drinks,5,$26.45
499,2/17/12,2682,F,Yakima,WA,Food,Canned Foods,Canned Soup,3,$13.13
500,2/17/12,2742,M,Tacoma,WA,Food,Starchy Foods,Starchy Foods,3,$17.73
501,2/17/12,8717,F,Tacoma,WA,Food,Canned Foods,Canned Sardines,6,$7.92
502,2/17/12,4610,M,Yakima,WA,Food,Baked Goods,Bread,3,$23.54
503,2/17/12,43,F,Los Angeles,CA,Non-Consumable,Health and Hygiene,Cold Remedies,3,$14.70
504,2/17/12,1202,M,Portland,OR,Food,Deli,Meat,3,$10.56
505,2/18/12,8555,F,Portland,OR,Food,Snacks,Candy,4,$9.64
506,2/18/12,976,F,Spokane,WA,Drink,Beverages,Pure Juice Beverages,4,$16.42
507,2/18/12,9929,M,Salem,OR,Non-Consumable,Household,Kitchen Products,4,$4.16
508,2/18/12,5686,M,Bremerton,WA,Food,Deli,Side Dishes,3,$2.52
509,2/18/12,8853,F,Seattle,WA,Food,Baked Goods,Bread,4,$26.91
510,2/18/12,5026,M,Tacoma,WA,Food,Snack Foods,Snack Foods,3,$12.21
511,2/18/12,7704,M,Bremerton,WA,Food,Produce,Fruit,5,$22.13
512,2/18/12,5405,F,Portland,OR,Food,Baked Goods,Bread,6,$35.98
513,2/18/12,927,M,Beverly Hills,CA,Non-Consumable,Household,Candles,5,$14.22
514,2/18/12,8901,M,Salem,OR,Food,Snack Foods,Snack Foods,5,$3.84
515,2/18/12,1940,F,Salem,OR,Non-Consumable,Health and Hygiene,Hygiene,5,$9.98
516,2/18/12,8587,F,Walla Walla,WA,Drink,Alcoholic Beverages,Beer and Wine,1,$0.97
517,2/19/12,5503,M,Los Angeles,CA,Food,Frozen Foods,Frozen Entrees,3,$5.33
518,2/19/12,2270,M,Portland,OR,Drink,Beverages,Hot Beverages,5,$19.11
519,2/19/12,9297,F,Salem,OR,Non-Consumable,Household,Kitchen Products,3,$11.61
520,2/19/12,8765,M,Seattle,WA,Food,Snack Foods,Snack Foods,4,$14.16
521,2/19/12,9327,M,Tacoma,WA,Food,Produce,Vegetables,5,$14.67
522,2/19/12,7171,M,Yakima,WA,Food,Dairy,Dairy,4,$11.66
523,2/19/12,10102,M,Los Angeles,CA,Non-Consumable,Household,Cleaning Supplies,5,$2.99
524,2/19/12,2132,M,Seattle,WA,Non-Consumable,Health and Hygiene,Bathroom Products,5,$12.48
525,2/19/12,1074,M,Salem,OR,Food,Canned Foods,Canned Anchovies,4,$15.73
526,2/19/12,6850,M,Seattle,WA,Food,Canned Foods,Canned Soup,3,$18.92
527,2/19/12,6180,M,Salem,OR,Food,Produce,Vegetables,5,$9.50
528,2/19/12,2996,F,Salem,OR,Food,Baked Goods,Bread,6,$10.98
529,2/19/12,7109,M,Portland,OR,Food,Canned Foods,Canned Anchovies,4,$11.63
530,2/19/12,8601,F,Los Angeles,CA,Food,Deli,Meat,3,$16.08
531,2/19/12,5526,M,Seattle,WA,Non-Consumable,Checkout,Hardware,5,$2.94
532,2/20/12,1548,F,Salem,OR,Non-Consumable,Household,Kitchen Products,5,$2.86
533,2/20/12,2769,M,Spokane,WA,Non-Consumable,Health and Hygiene,Pain Relievers,4,$28.65
534,2/20/12,91,M,Los Angeles,CA,Food,Canned Foods,Vegetables,3,$5.44
535,2/20/12,839,F,Los Angeles,CA,Non-Consumable,Health and Hygiene,Bathroom Products,5,$7.14
536,2/20/12,5026,M,Tacoma,WA,Food,Snack Foods,Snack Foods,4,$12.17
537,2/20/12,941,M,Salem,OR,Food,Baking Goods,Baking Goods,5,$29.52
538,2/20/12,5432,M,Spokane,WA,Food,Snack Foods,Snack Foods,2,$13.11
539,2/20/12,1083,M,Portland,OR,Food,Produce,Fruit,3,$25.75
540,2/21/12,10033,F,Bremerton,WA,Non-Consumable,Periodicals,Magazines,5,$24.80
541,2/21/12,3373,F,Seattle,WA,Non-Consumable,Health and Hygiene,Decongestants,6,$19.32
542,2/21/12,8427,M,Spokane,WA,Non-Consumable,Household,Cleaning Supplies,3,$11.43
543,2/21/12,439,M,Salem,OR,Non-Consumable,Household,Kitchen Products,5,$34.80
544,2/21/12,6148,F,Portland,OR,Food,Produce,Vegetables,4,$5.63
545,2/21/12,8403,M,Portland,OR,Food,Snacks,Candy,3,$30.96
546,2/21/12,8556,M,Portland,OR,Food,Snack Foods,Snack Foods,2,$2.93
547,2/21/12,6001,F,Tacoma,WA,Non-Consumable,Health and Hygiene,Bathroom Products,4,$9.96
548,2/21/12,5462,M,San Diego,CA,Food,Dairy,Dairy,2,$7.00
549,2/22/12,6204,F,Salem,OR,Non-Consumable,Household,Paper Products,4,$6.45
550,2/22/12,769,F,Spokane,WA,Drink,Beverages,Drinks,3,$15.50
551,2/22/12,8202,F,Bremerton,WA,Non-Consumable,Household,Bathroom Products,5,$6.31
552,2/22/12,2443,F,Salem,OR,Food,Produce,Vegetables,2,$8.04
553,2/22/12,9276,F,Los Angeles,CA,Food,Breakfast Foods,Breakfast Foods,3,$5.79
554,2/22/12,2547,F,Yakima,WA,Food,Seafood,Seafood,2,$7.65
555,2/22/12,9187,M,Tacoma,WA,Food,Canned Foods,Vegetables,4,$23.90
556,2/22/12,9673,M,Salem,OR,Food,Frozen Foods,Pizza,2,$8.06
557,2/22/12,64,M,Portland,OR,Drink,Beverages,Hot Beverages,5,$4.72
558,2/22/12,2513,M,Portland,OR,Food,Produce,Fruit,5,$11.02
559,2/22/12,9928,F,Spokane,WA,Food,Baking Goods,Baking Goods,5,$9.24
560,2/22/12,746,M,Los Angeles,CA,Drink,Beverages,Drinks,2,$11.04
561,2/23/12,2147,M,Salem,OR,Food,Snack Foods,Snack Foods,6,$14.11
562,2/23/12,378,M,Spokane,WA,Food,Baking Goods,Baking Goods,3,$6.84
563,2/23/12,7234,F,Spokane,WA,Food,Produce,Vegetables,6,$41.53
564,2/23/12,5341,F,Tacoma,WA,Food,Baking Goods,Jams and Jellies,5,$2.70
565,2/23/12,6621,M,Los Angeles,CA,Food,Canned Foods,Vegetables,3,$24.60
566,2/23/12,6949,M,Seattle,WA,Non-Consumable,Household,Bathroom Products,4,$8.34
567,2/23/12,9826,M,Salem,OR,Food,Snack Foods,Snack Foods,4,$10.80
568,2/23/12,790,M,Salem,OR,Food,Baking Goods,Jams and Jellies,3,$17.33
569,2/23/12,2968,M,Salem,OR,Food,Dairy,Dairy,2,$5.76
570,2/23/12,6468,F,Bellingham,WA,Food,Snack Foods,Snack Foods,3,$16.59
571,2/24/12,3491,F,Spokane,WA,Food,Snack Foods,Snack Foods,5,$13.63
572,2/24/12,9129,F,Seattle,WA,Food,Seafood,Seafood,3,$8.37
573,2/24/12,1869,F,Portland,OR,Food,Canned Foods,Canned Soup,5,$8.22
574,2/24/12,5163,M,Bremerton,WA,Food,Produce,Vegetables,4,$7.18
575,2/24/12,1005,M,Bremerton,WA,Food,Produce,Specialty,4,$9.29
576,2/24/12,625,M,Salem,OR,Non-Consumable,Health and Hygiene,Hygiene,5,$9.73
577,2/24/12,8737,F,Portland,OR,Food,Starchy Foods,Starchy Foods,5,$25.02
578,2/24/12,9977,F,Portland,OR,Food,Frozen Foods,Breakfast Foods,4,$9.41
579,2/24/12,3075,M,Yakima,WA,Non-Consumable,Household,Electrical,4,$28.80
580,2/24/12,8367,M,Salem,OR,Food,Frozen Foods,Vegetables,5,$17.63
581,2/24/12,3204,F,San Diego,CA,Food,Frozen Foods,Frozen Desserts,3,$7.39
582,2/24/12,9748,F,San Diego,CA,Food,Frozen Foods,Frozen Desserts,3,$3.28
583,2/24/12,9499,M,Beverly Hills,CA,Food,Snack Foods,Snack Foods,4,$9.68
584,2/24/12,5792,M,Seattle,WA,Drink,Dairy,Dairy,5,$6.32
585,2/24/12,7462,F,Bellingham,WA,Drink,Beverages,Hot Beverages,2,$8.70
586,2/24/12,9310,M,Seattle,WA,Drink,Dairy,Dairy,4,$3.08
587,2/25/12,9064,F,Tacoma,WA,Food,Seafood,Seafood,5,$15.12
588,2/25/12,3755,M,San Diego,CA,Food,Canned Foods,Canned Shrimp,3,$21.61
589,2/25/12,8901,M,Salem,OR,Food,Baked Goods,Bread,3,$6.60
590,2/25/12,8107,M,Seattle,WA,Food,Baking Goods,Baking Goods,6,$31.08
591,2/25/12,5568,M,Yakima,WA,Drink,Beverages,Pure Juice Beverages,3,$11.97
592,2/25/12,1648,F,Portland,OR,Food,Snack Foods,Snack Foods,2,$9.46
593,2/25/12,8963,M,Tacoma,WA,Food,Produce,Vegetables,5,$22.00
594,2/25/12,3491,F,Spokane,WA,Food,Breakfast Foods,Breakfast Foods,4,$13.16
595,2/25/12,3799,F,Salem,OR,Drink,Beverages,Hot Beverages,3,$3.02
596,2/25/12,5295,M,Spokane,WA,Food,Frozen Foods,Vegetables,5,$19.26
597,2/25/12,8749,M,Salem,OR,Non-Consumable,Health and Hygiene,Pain Relievers,3,$18.31
598,2/26/12,9728,M,Spokane,WA,Food,Snack Foods,Snack Foods,5,$18.48
599,2/26/12,3258,F,Beverly Hills,CA,Food,Canned Foods,Canned Sardines,2,$7.56
600,2/26/12,8897,M,Portland,OR,Drink,Beverages,Carbonated Beverages,5,$4.83
601,2/26/12,4268,M,Portland,OR,Food,Canned Products,Fruit,5,$15.12
602,2/26/12,1442,F,Bremerton,WA,Food,Produce,Fruit,4,$2.85
603,2/26/12,8912,F,Beverly Hills,CA,Food,Snacks,Candy,2,$5.88
604,2/26/12,7573,M,Bremerton,WA,Food,Dairy,Dairy,4,$7.24
605,2/27/12,3700,F,Seattle,WA,Food,Frozen Foods,Frozen Desserts,3,$16.41
606,2/27/12,5960,M,Beverly Hills,CA,Food,Deli,Meat,5,$10.99
607,2/27/12,5026,M,Tacoma,WA,Food,Produce,Vegetables,2,$1.84
608,2/27/12,7573,M,Bremerton,WA,Food,Produce,Fruit,5,$8.85
609,2/27/12,9897,M,Spokane,WA,Drink,Beverages,Pure Juice Beverages,3,$2.73
610,2/27/12,7920,M,Tacoma,WA,Food,Snack Foods,Snack Foods,3,$9.63
611,2/27/12,9871,F,Salem,OR,Food,Meat,Meat,5,$6.11
612,2/27/12,8301,F,San Diego,CA,Food,Produce,Vegetables,6,$26.03
613,2/27/12,4783,M,Salem,OR,Food,Snacks,Candy,4,$5.88
614,2/27/12,5584,F,Seattle,WA,Food,Frozen Foods,Vegetables,6,$29.07
615,2/28/12,9881,M,Bremerton,WA,Food,Frozen Foods,Breakfast Foods,4,$15.71
616,2/28/12,5647,M,Seattle,WA,Food,Snack Foods,Snack Foods,2,$5.10
617,2/28/12,6501,F,San Diego,CA,Non-Consumable,Household,Hardware,3,$13.62
618,2/28/12,3882,M,Salem,OR,Drink,Dairy,Dairy,4,$6.46
619,2/28/12,6655,F,Portland,OR,Food,Canned Foods,Canned Soup,4,$22.44
620,2/28/12,2818,M,Los Angeles,CA,Food,Frozen Foods,Vegetables,4,$35.55
621,2/28/12,4682,M,Seattle,WA,Food,Deli,Meat,4,$18.10
622,2/28/12,7622,F,Bremerton,WA,Non-Consumable,Health and Hygiene,Bathroom Products,3,$2.57
623,2/28/12,7268,F,Seattle,WA,Food,Snack Foods,Snack Foods,4,$10.58
624,2/28/12,9401,M,Salem,OR,Non-Consumable,Health and Hygiene,Bathroom Products,5,$29.32
625,2/28/12,1083,M,Portland,OR,Non-Consumable,Periodicals,Magazines,5,$10.95
626,2/28/12,328,M,Portland,OR,Non-Consumable,Household,Paper Products,4,$6.59
627,2/28/12,4205,M,Seattle,WA,Food,Baking Goods,Baking Goods,6,$23.52
628,2/28/12,5887,F,Los Angeles,CA,Food,Snack Foods,Snack Foods,4,$4.62
629,2/28/12,9437,F,Seattle,WA,Non-Consumable,Health and Hygiene,Bathroom Products,6,$8.06
630,2/28/12,1938,M,San Diego,CA,Food,Frozen Foods,Breakfast Foods,4,$6.19
631,2/28/12,5358,F,Bremerton,WA,Food,Canned Foods,Vegetables,5,$27.55
632,2/29/12,817,F,Tacoma,WA,Food,Snack Foods,Snack Foods,5,$20.86
633,2/29/12,80,F,San Diego,CA,Food,Produce,Fruit,5,$23.52
634,2/29/12,9728,M,Spokane,WA,Food,Canned Foods,Canned Clams,3,$25.41
635,2/29/12,10079,F,San Diego,CA,Food,Frozen Foods,Pizza,3,$5.04
636,2/29/12,4615,F,Tacoma,WA,Drink,Beverages,Hot Beverages,5,$18.02
637,2/29/12,4670,M,Tacoma,WA,Food,Breakfast Foods,Breakfast Foods,4,$2.88
638,2/29/12,7206,F,Los Angeles,CA,Food,Frozen Foods,Frozen Desserts,4,$12.95
639,2/29/12,873,F,San Diego,CA,Non-Consumable,Household,Paper Products,4,$9.89
640,2/29/12,3049,M,Portland,OR,Food,Starchy Foods,Starchy Foods,6,$5.98
641,2/29/12,5339,M,Portland,OR,Non-Consumable,Household,Kitchen Products,6,$33.88
642,2/29/12,3386,F,San Diego,CA,Food,Snacks,Candy,2,$5.16
643,2/29/12,4041,M,San Diego,CA,Drink,Beverages,Drinks,4,$12.21
644,3/1/12,9728,M,Spokane,WA,Drink,Dairy,Dairy,3,$6.44
645,3/1/12,2279,F,Seattle,WA,Non-Consumable,Health and Hygiene,Cold Remedies,4,$16.98
646,3/1/12,2525,M,Salem,OR,Food,Baking Goods,Jams and Jellies,4,$8.34
647,3/1/12,6113,F,Spokane,WA,Food,Canned Foods,Canned Tuna,5,$9.35
648,3/1/12,5960,M,Beverly Hills,CA,Food,Meat,Meat,3,$7.31
649,3/1/12,6180,M,Salem,OR,Drink,Beverages,Drinks,5,$21.58
650,3/1/12,3470,M,Tacoma,WA,Food,Dairy,Dairy,6,$4.59
651,3/1/12,9851,M,Bremerton,WA,Non-Consumable,Household,Cleaning Supplies,5,$25.40
652,3/1/12,4351,M,Yakima,WA,Food,Produce,Fruit,5,$10.62
653,3/1/12,2052,F,Salem,OR,Food,Canned Foods,Canned Sardines,3,$7.11
654,3/1/12,2861,M,Beverly Hills,CA,Non-Consumable,Health and Hygiene,Bathroom Products,3,$13.68
655,3/1/12,4205,M,Seattle,WA,Non-Consumable,Household,Kitchen Products,4,$22.27
656,3/1/12,1743,M,Los Angeles,CA,Food,Baking Goods,Baking Goods,2,$1.98
657,3/2/12,2775,F,San Diego,CA,Food,Dairy,Dairy,4,$15.62
658,3/2/12,6324,F,Yakima,WA,Food,Deli,Side Dishes,4,$22.37
659,3/2/12,9855,F,Beverly Hills,CA,Drink,Alcoholic Beverages,Beer and Wine,5,$3.40
660,3/2/12,5709,M,San Francisco,CA,Food,Baked Goods,Bread,3,$3.72
661,3/2/12,463,M,Yakima,WA,Drink,Alcoholic Beverages,Beer and Wine,3,$3.65
662,3/2/12,4743,F,Los Angeles,CA,Food,Snack Foods,Snack Foods,4,$15.21
663,3/2/12,9357,F,Los Angeles,CA,Non-Consumable,Household,Cleaning Supplies,4,$14.43
664,3/2/12,7250,M,Salem,OR,Food,Snack Foods,Snack Foods,4,$21.12
665,3/2/12,5733,M,Portland,OR,Non-Consumable,Household,Candles,4,$5.97
666,3/2/12,7683,F,Walla Walla,WA,Non-Consumable,Household,Paper Products,4,$11.13
667,3/2/12,8275,F,Spokane,WA,Food,Snack Foods,Snack Foods,4,$26.71
668,3/2/12,8275,F,Spokane,WA,Food,Snack Foods,Snack Foods,5,$6.84
669,3/2/12,2422,F,Salem,OR,Food,Snacks,Candy,6,$21.17
670,3/2/12,5789,M,San Diego,CA,Non-Consumable,Health and Hygiene,Cold Remedies,4,$20.81
671,3/2/12,3750,M,Beverly Hills,CA,Food,Deli,Meat,6,$26.10
672,3/2/12,4597,F,Tacoma,WA,Food,Canned Foods,Canned Soup,3,$10.47
673,3/3/12,6712,M,Spokane,WA,Food,Starchy Foods,Starchy Foods,4,$10.18
674,3/3/12,8111,F,Seattle,WA,Food,Frozen Foods,Frozen Desserts,5,$4.26
675,3/3/12,6761,F,Portland,OR,Food,Snacks,Candy,5,$11.30
676,3/3/12,8730,F,Los Angeles,CA,Food,Produce,Specialty,5,$10.84
677,3/3/12,5341,F,Tacoma,WA,Food,Snack Foods,Snack Foods,5,$13.80
678,3/3/12,5906,M,Seattle,WA,Non-Consumable,Household,Cleaning Supplies,5,$16.00
679,3/3/12,7439,M,Los Angeles,CA,Non-Consumable,Carousel,Specialty,5,$17.66
680,3/3/12,328,M,Portland,OR,Food,Snack Foods,Snack Foods,3,$14.76
681,3/3/12,3692,M,Spokane,WA,Non-Consumable,Health and Hygiene,Bathroom Products,5,$5.22
682,3/3/12,2344,M,Los Angeles,CA,Food,Baked Goods,Bread,3,$6.01
683,3/3/12,6079,F,Salem,OR,Non-Consumable,Health and Hygiene,Bathroom Products,3,$5.76
684,3/3/12,7857,F,Seattle,WA,Non-Consumable,Health and Hygiene,Bathroom Products,4,$26.06
685,3/3/12,9481,F,San Diego,CA,Food,Frozen Foods,Vegetables,5,$10.94
686,3/3/12,9510,F,Spokane,WA,Non-Consumable,Household,Paper Products,4,$16.02
687,3/3/12,819,M,Salem,OR,Food,Frozen Foods,Vegetables,4,$17.14
688,3/3/12,6997,F,Salem,OR,Food,Frozen Foods,Vegetables,4,$15.17
689,3/3/12,9236,M,Salem,OR,Food,Snack Foods,Snack Foods,3,$27.94
690,3/4/12,4443,F,Portland,OR,Food,Frozen Foods,Meat,4,$14.10
691,3/4/12,7370,M,Yakima,WA,Non-Consumable,Health and Hygiene,Hygiene,6,$13.32
692,3/4/12,4626,F,Beverly Hills,CA,Food,Snack Foods,Snack Foods,4,$10.81
693,3/4/12,3935,F,San Diego,CA,Food,Frozen Foods,Frozen Desserts,3,$11.70
694,3/4/12,7149,F,Salem,OR,Drink,Beverages,Hot Beverages,5,$13.34
695,3/4/12,1310,F,Spokane,WA,Food,Frozen Foods,Vegetables,5,$15.94
696,3/4/12,64,M,Portland,OR,Food,Canned Foods,Canned Clams,5,$25.32
697,3/4/12,8916,M,Portland,OR,Food,Breakfast Foods,Breakfast Foods,3,$8.33
698,3/4/12,7589,F,Tacoma,WA,Food,Snack Foods,Snack Foods,6,$3.04
699,3/4/12,1682,F,Salem,OR,Food,Dairy,Dairy,5,$11.66
700,3/4/12,5397,M,Bellingham,WA,Food,Canned Foods,Canned Oysters,2,$6.16
701,3/5/12,9417,M,Seattle,WA,Food,Canned Foods,Canned Soup,4,$12.01
702,3/5/12,4621,M,San Diego,CA,Food,Baked Goods,Bread,4,$41.04
703,3/5/12,9584,F,Salem,OR,Food,Canned Foods,Canned Clams,6,$11.60
704,3/5/12,4457,M,Walla Walla,WA,Food,Produce,Fruit,3,$7.54
705,3/5/12,5920,F,Los Angeles,CA,Food,Produce,Fruit,5,$14.51
706,3/5/12,6929,M,San Diego,CA,Food,Dairy,Dairy,3,$11.66
707,3/5/12,3691,M,Tacoma,WA,Food,Snack Foods,Snack Foods,4,$6.72
708,3/5/12,2570,M,Spokane,WA,Food,Snack Foods,Snack Foods,4,$8.54
709,3/5/12,934,F,Seattle,WA,Non-Consumable,Health and Hygiene,Bathroom Products,3,$11.72
710,3/5/12,4099,M,Tacoma,WA,Food,Frozen Foods,Vegetables,4,$7.64
711,3/5/12,2086,M,Salem,OR,Food,Canned Products,Fruit,2,$6.90
712,3/5/12,7930,F,Portland,OR,Food,Canned Foods,Canned Soup,4,$6.30
713,3/5/12,8843,M,Salem,OR,Food,Produce,Specialty,3,$7.67
714,3/5/12,9554,M,Salem,OR,Non-Consumable,Household,Paper Products,2,$12.30
715,3/5/12,2269,M,Portland,OR,Food,Baking Goods,Jams and Jellies,4,$10.03
716,3/6/12,9248,F,Seattle,WA,Food,Frozen Foods,Vegetables,3,$7.60
717,3/6/12,9473,F,Seattle,WA,Food,Baking Goods,Baking Goods,3,$15.54
718,3/6/12,1379,F,Beverly Hills,CA,Food,Dairy,Dairy,3,$35.37
719,3/6/12,6564,F,Salem,OR,Food,Produce,Vegetables,3,$8.65
720,3/6/12,9487,M,Tacoma,WA,Food,Frozen Foods,Breakfast Foods,5,$3.65
721,3/6/12,4149,F,Portland,OR,Food,Produce,Vegetables,3,$14.78
722,3/6/12,879,M,Los Angeles,CA,Food,Baked Goods,Bread,5,$15.18
723,3/6/12,1774,F,San Francisco,CA,Food,Produce,Fruit,2,$11.60
724,3/6/12,2921,F,Spokane,WA,Food,Produce,Vegetables,5,$22.26
725,3/6/12,7266,F,San Diego,CA,Non-Consumable,Health and Hygiene,Hygiene,5,$5.63
726,3/6/12,3211,F,Bellingham,WA,Food,Produce,Vegetables,1,$1.24
727,3/6/12,9396,F,Salem,OR,Food,Deli,Meat,3,$14.25
728,3/6/12,6708,F,San Diego,CA,Drink,Beverages,Pure Juice Beverages,4,$20.13
729,3/6/12,3101,M,Portland,OR,Food,Frozen Foods,Frozen Desserts,4,$5.71
730,3/7/12,1449,F,Yakima,WA,Food,Snack Foods,Snack Foods,5,$21.81
731,3/7/12,5553,F,Los Angeles,CA,Non-Consumable,Household,Plastic Products,2,$15.42
732,3/7/12,5920,F,Los Angeles,CA,Non-Consumable,Household,Candles,5,$9.48
733,3/7/12,9826,M,Salem,OR,Food,Deli,Meat,4,$18.56
734,3/7/12,1551,F,Bremerton,WA,Food,Produce,Vegetables,4,$9.90
735,3/7/12,2327,F,Salem,OR,Food,Snack Foods,Snack Foods,2,$7.22
736,3/7/12,10118,F,Salem,OR,Food,Canned Foods,Canned Tuna,5,$22.44
737,3/7/12,7657,M,Portland,OR,Non-Consumable,Health and Hygiene,Bathroom Products,5,$10.73
738,3/7/12,8653,M,Bremerton,WA,Drink,Alcoholic Beverages,Beer and Wine,4,$7.08
739,3/7/12,719,F,Seattle,WA,Food,Frozen Foods,Meat,3,$6.28
740,3/7/12,4900,M,Salem,OR,Drink,Alcoholic Beverages,Beer and Wine,4,$8.96
741,3/8/12,3650,M,Seattle,WA,Non-Consumable,Household,Hardware,3,$9.28
742,3/8/12,541,M,San Diego,CA,Food,Baked Goods,Bread,5,$11.12
743,3/8/12,3755,M,San Diego,CA,Food,Produce,Fruit,6,$28.51
744,3/8/12,9306,M,San Diego,CA,Food,Snack Foods,Snack Foods,5,$14.20
745,3/8/12,7190,M,Yakima,WA,Food,Baking Goods,Jams and Jellies,4,$7.73
746,3/8/12,1533,M,Bremerton,WA,Food,Baking Goods,Baking Goods,2,$11.99
747,3/8/12,7611,F,Los Angeles,CA,Food,Baking Goods,Jams and Jellies,3,$9.69
748,3/8/12,8098,F,Salem,OR,Food,Produce,Fruit,4,$15.12
749,3/8/12,4385,F,Los Angeles,CA,Non-Consumable,Health and Hygiene,Cold Remedies,3,$16.98
750,3/8/12,2344,M,Los Angeles,CA,Non-Consumable,Health and Hygiene,Hygiene,4,$3.24
751,3/8/12,9481,F,San Diego,CA,Non-Consumable,Health and Hygiene,Bathroom Products,4,$13.68
752,3/8/12,3528,F,Tacoma,WA,Food,Snack Foods,Snack Foods,4,$11.79
753,3/8/12,190,F,Salem,OR,Food,Canned Foods,Vegetables,2,$8.43
754,3/8/12,1718,M,Salem,OR,Drink,Dairy,Dairy,4,$7.67
755,3/8/12,1794,F,Salem,OR,Food,Produce,Fruit,5,$5.21
756,3/8/12,1532,F,Los Angeles,CA,Food,Snack Foods,Snack Foods,5,$13.99
757,3/8/12,2242,M,Los Angeles,CA,Food,Eggs,Eggs,3,$29.95
758,3/9/12,5158,M,Bremerton,WA,Food,Canned Foods,Canned Soup,3,$12.52
759,3/9/12,602,F,Tacoma,WA,Food,Produce,Fruit,3,$28.27
760,3/9/12,625,M,Salem,OR,Non-Consumable,Household,Paper Products,4,$14.63
761,3/9/12,1466,M,Seattle,WA,Non-Consumable,Household,Cleaning Supplies,5,$19.21
762,3/9/12,7287,F,San Diego,CA,Non-Consumable,Household,Electrical,4,$11.64
763,3/9/12,7547,M,San Diego,CA,Food,Produce,Fruit,5,$6.26
764,3/9/12,893,F,Salem,OR,Food,Canned Foods,Canned Soup,3,$7.44
765,3/9/12,8275,F,Spokane,WA,Food,Snack Foods,Snack Foods,4,$29.93
766,3/9/12,893,F,Salem,OR,Food,Dairy,Dairy,6,$27.98
767,3/9/12,5353,M,Yakima,WA,Food,Canned Foods,Canned Soup,5,$1.83
768,3/9/12,8687,F,Yakima,WA,Food,Snack Foods,Snack Foods,2,$5.30
769,3/9/12,4197,M,Seattle,WA,Food,Snack Foods,Snack Foods,5,$15.44
770,3/9/12,5219,M,Tacoma,WA,Food,Snack Foods,Snack Foods,4,$7.73
771,3/9/12,5539,F,Los Angeles,CA,Drink,Beverages,Drinks,6,$10.04
772,3/9/12,2787,F,Tacoma,WA,Food,Produce,Vegetables,3,$5.18
773,3/9/12,30,F,Portland,OR,Food,Snack Foods,Snack Foods,3,$26.84
774,3/10/12,8255,M,Portland,OR,Food,Dairy,Dairy,4,$18.14
775,3/10/12,6559,M,Bremerton,WA,Drink,Beverages,Hot Beverages,4,$7.62
776,3/10/12,7714,F,Los Angeles,CA,Food,Deli,Meat,5,$13.44
777,3/10/12,8442,F,Tacoma,WA,Food,Baked Goods,Bread,4,$8.78
778,3/10/12,1154,F,Salem,OR,Food,Frozen Foods,Frozen Entrees,6,$23.90
779,3/10/12,6138,F,Tacoma,WA,Food,Produce,Fruit,4,$24.36
780,3/10/12,7733,M,Salem,OR,Food,Canned Foods,Canned Soup,6,$8.27
781,3/10/12,5814,M,Seattle,WA,Food,Produce,Specialty,6,$23.76
782,3/10/12,1990,F,Beverly Hills,CA,Non-Consumable,Health and Hygiene,Hygiene,4,$10.69
783,3/10/12,5410,F,Tacoma,WA,Non-Consumable,Health and Hygiene,Hygiene,4,$3.58
784,3/10/12,2426,M,Tacoma,WA,Food,Produce,Vegetables,6,$22.24
785,3/10/12,9213,M,Portland,OR,Food,Produce,Vegetables,4,$10.04
786,3/10/12,1253,M,Salem,OR,Food,Baking Goods,Baking Goods,6,$11.55
787,3/11/12,5707,F,Yakima,WA,Food,Deli,Meat,5,$8.35
788,3/11/12,6666,M,Tacoma,WA,Non-Consumable,Household,Paper Products,3,$5.93
789,3/11/12,7580,F,Tacoma,WA,Food,Frozen Foods,Vegetables,2,$16.93
790,3/11/12,8777,M,Tacoma,WA,Drink,Alcoholic Beverages,Beer and Wine,4,$38.42
791,3/11/12,7149,F,Salem,OR,Food,Canned Foods,Canned Tuna,4,$14.34
792,3/11/12,5002,M,Yakima,WA,Food,Frozen Foods,Frozen Desserts,6,$27.17
793,3/11/12,6352,M,Salem,OR,Food,Snack Foods,Snack Foods,4,$17.89
794,3/11/12,6551,F,Portland,OR,Non-Consumable,Household,Cleaning Supplies,4,$4.74
795,3/11/12,6348,M,Spokane,WA,Food,Canned Foods,Canned Soup,3,$6.04
796,3/11/12,652,M,Beverly Hills,CA,Food,Breakfast Foods,Breakfast Foods,4,$7.39
797,3/11/12,9227,F,Beverly Hills,CA,Non-Consumable,Household,Cleaning Supplies,6,$25.70
798,3/11/12,9697,F,Yakima,WA,Food,Deli,Side Dishes,4,$5.19
799,3/11/12,4659,F,Salem,OR,Food,Produce,Vegetables,5,$21.90
800,3/12/12,8116,F,Salem,OR,Non-Consumable,Household,Electrical,3,$15.22
801,3/12/12,1865,F,Beverly Hills,CA,Non-Consumable,Household,Cleaning Supplies,3,$11.17
802,3/12/12,3586,F,Portland,OR,Food,Starchy Foods,Starchy Foods,5,$16.10
803,3/12/12,6291,F,Bremerton,WA,Food,Produce,Vegetables,3,$20.30
804,3/12/12,9313,M,Beverly Hills,CA,Non-Consumable,Household,Electrical,5,$13.56
805,3/12/12,6307,F,Spokane,WA,Food,Breakfast Foods,Breakfast Foods,5,$23.84
806,3/12/12,10104,F,Los Angeles,CA,Non-Consumable,Household,Hardware,5,$28.56
807,3/12/12,5174,M,Spokane,WA,Non-Consumable,Household,Plastic Products,5,$3.57
808,3/12/12,1567,M,Spokane,WA,Non-Consumable,Household,Cleaning Supplies,5,$14.62
809,3/12/12,7051,F,Spokane,WA,Food,Snack Foods,Snack Foods,2,$5.59
810,3/12/12,8746,F,Yakima,WA,Food,Snack Foods,Snack Foods,3,$9.63
811,3/12/12,4103,M,San Diego,CA,Food,Produce,Vegetables,3,$13.69
812,3/12/12,2553,M,Spokane,WA,Food,Snacks,Candy,3,$7.02
813,3/12/12,5957,F,Portland,OR,Food,Frozen Foods,Vegetables,4,$8.16
814,3/12/12,1594,M,Portland,OR,Food,Produce,Vegetables,4,$7.79
815,3/12/12,4954,F,Portland,OR,Food,Baking Goods,Jams and Jellies,5,$7.72
816,3/12/12,4623,M,Salem,OR,Food,Deli,Meat,4,$10.56
817,3/13/12,454,M,Tacoma,WA,Food,Produce,Vegetables,4,$11.38
818,3/13/12,8737,F,Portland,OR,Non-Consumable,Health and Hygiene,Bathroom Products,3,$12.20
819,3/13/12,6675,M,Walla Walla,WA,Food,Baking Goods,Baking Goods,4,$16.52
820,3/13/12,7573,M,Bremerton,WA,Food,Snack Foods,Snack Foods,4,$7.73
821,3/13/12,7171,M,Yakima,WA,Food,Deli,Meat,3,$23.50
822,3/13/12,4678,M,Salem,OR,Non-Consumable,Household,Candles,3,$6.26
823,3/13/12,7276,M,Yakima,WA,Food,Produce,Vegetables,5,$27.24
824,3/13/12,6001,F,Tacoma,WA,Food,Canned Foods,Canned Oysters,3,$15.90
825,3/13/12,7262,F,Salem,OR,Non-Consumable,Checkout,Miscellaneous,5,$17.77
826,3/13/12,7862,M,Spokane,WA,Drink,Alcoholic Beverages,Beer and Wine,5,$20.20
827,3/13/12,3097,M,Los Angeles,CA,Food,Snack Foods,Snack Foods,4,$33.48
828,3/13/12,774,M,Seattle,WA,Non-Consumable,Periodicals,Magazines,3,$3.63
829,3/13/12,4324,F,Seattle,WA,Food,Canned Foods,Vegetables,5,$16.42
830,3/13/12,9396,F,Salem,OR,Food,Starchy Foods,Starchy Foods,5,$6.28
831,3/13/12,7768,F,Seattle,WA,Food,Frozen Foods,Pizza,3,$3.36
832,3/13/12,4925,F,Spokane,WA,Food,Snack Foods,Snack Foods,3,$2.52
833,3/13/12,8647,F,Bremerton,WA,Food,Dairy,Dairy,4,$13.53
834,3/13/12,4162,M,Los Angeles,CA,Food,Deli,Meat,2,$18.03
835,3/13/12,7569,F,Salem,OR,Drink,Beverages,Pure Juice Beverages,3,$13.04
836,3/13/12,6319,M,Bellingham,WA,Food,Produce,Specialty,4,$5.93
837,3/14/12,7293,M,Walla Walla,WA,Food,Produce,Packaged Vegetables,4,$7.35
838,3/14/12,8511,F,Spokane,WA,Non-Consumable,Health and Hygiene,Pain Relievers,3,$21.49
839,3/14/12,4461,M,Portland,OR,Food,Snack Foods,Snack Foods,5,$17.04
840,3/14/12,4528,M,Seattle,WA,Food,Snack Foods,Snack Foods,4,$16.88
841,3/14/12,8318,F,San Diego,CA,Non-Consumable,Household,Paper Products,2,$2.86
842,3/14/12,4397,M,Spokane,WA,Food,Produce,Vegetables,5,$13.34
843,3/14/12,1341,M,Bremerton,WA,Food,Canned Foods,Vegetables,4,$14.00
844,3/14/12,4534,F,Beverly Hills,CA,Food,Deli,Meat,5,$13.86
845,3/14/12,9642,M,Bremerton,WA,Non-Consumable,Household,Kitchen Products,5,$7.88
846,3/14/12,8125,F,Los Angeles,CA,Food,Produce,Vegetables,6,$10.80
847,3/14/12,4327,F,Los Angeles,CA,Food,Frozen Foods,Breakfast Foods,5,$4.08
848,3/14/12,77,M,Beverly Hills,CA,Non-Consumable,Periodicals,Magazines,5,$11.59
849,3/14/12,504,F,Salem,OR,Non-Consumable,Health and Hygiene,Bathroom Products,4,$7.72
850,3/15/12,10019,F,Portland,OR,Food,Produce,Fruit,5,$10.13
851,3/15/12,5293,F,Beverly Hills,CA,Non-Consumable,Health and Hygiene,Cold Remedies,4,$3.22
852,3/15/12,7379,M,Beverly Hills,CA,Food,Frozen Foods,Breakfast Foods,5,$14.58
853,3/15/12,2674,M,Portland,OR,Food,Snack Foods,Snack Foods,3,$14.11
854,3/15/12,7366,F,Bremerton,WA,Non-Consumable,Carousel,Specialty,3,$15.87
855,3/15/12,2921,F,Spokane,WA,Food,Canned Foods,Vegetables,4,$4.44
856,3/15/12,8483,F,Seattle,WA,Food,Snacks,Candy,4,$8.42
857,3/15/12,8746,F,Yakima,WA,Food,Produce,Vegetables,4,$7.07
858,3/15/12,9781,F,Bremerton,WA,Food,Snack Foods,Snack Foods,4,$6.72
859,3/15/12,5094,M,San Francisco,CA,Non-Consumable,Household,Electrical,3,$8.51
860,3/15/12,1392,M,Los Angeles,CA,Food,Baked Goods,Bread,4,$2.81
861,3/16/12,9745,M,Tacoma,WA,Food,Frozen Foods,Pizza,4,$15.66
862,3/16/12,924,M,Bremerton,WA,Food,Starchy Foods,Starchy Foods,4,$21.36
863,3/16/12,6324,F,Yakima,WA,Non-Consumable,Health and Hygiene,Bathroom Products,6,$25.54
864,3/16/12,4096,M,Bremerton,WA,Food,Snack Foods,Snack Foods,6,$22.35
865,3/16/12,6106,M,Seattle,WA,Non-Consumable,Health and Hygiene,Pain Relievers,4,$26.71
866,3/16/12,9703,M,San Diego,CA,Food,Produce,Fruit,4,$5.24
867,3/16/12,7996,F,Seattle,WA,Non-Consumable,Household,Cleaning Supplies,4,$11.59
868,3/16/12,7725,M,San Francisco,CA,Drink,Dairy,Dairy,3,$11.81
869,3/16/12,976,F,Spokane,WA,Drink,Beverages,Hot Beverages,3,$8.64
870,3/16/12,5433,M,Salem,OR,Food,Deli,Meat,4,$3.19
871,3/16/12,7241,M,Tacoma,WA,Non-Consumable,Household,Electrical,6,$25.63
872,3/17/12,5379,F,Tacoma,WA,Food,Frozen Foods,Pizza,3,$2.39
873,3/17/12,7702,M,Spokane,WA,Drink,Dairy,Dairy,5,$4.45
874,3/17/12,6087,M,Salem,OR,Non-Consumable,Household,Paper Products,4,$7.74
875,3/17/12,6423,F,Tacoma,WA,Food,Produce,Specialty,4,$8.84
876,3/17/12,2846,F,Portland,OR,Food,Baking Goods,Baking Goods,6,$5.17
877,3/17/12,7768,F,Seattle,WA,Food,Produce,Fruit,4,$9.45
878,3/17/12,2684,F,Seattle,WA,Food,Deli,Meat,3,$4.37
879,3/17/12,5313,F,San Diego,CA,Food,Baking Goods,Jams and Jellies,4,$10.69
880,3/17/12,5358,F,Bremerton,WA,Food,Snack Foods,Snack Foods,3,$9.05
881,3/17/12,5542,M,Spokane,WA,Drink,Beverages,Carbonated Beverages,5,$3.17
882,3/17/12,4726,M,Portland,OR,Food,Frozen Foods,Vegetables,4,$6.84
883,3/17/12,1089,M,Seattle,WA,Food,Frozen Foods,Frozen Desserts,3,$5.76
884,3/17/12,7913,M,Tacoma,WA,Food,Baking Goods,Jams and Jellies,5,$5.99
885,3/18/12,6172,M,Seattle,WA,Drink,Alcoholic Beverages,Beer and Wine,5,$8.63
886,3/18/12,9612,F,Seattle,WA,Food,Deli,Meat,4,$21.11
887,3/18/12,9851,M,Bremerton,WA,Food,Produce,Vegetables,4,$12.62
888,3/18/12,2389,M,Los Angeles,CA,Food,Frozen Foods,Frozen Entrees,4,$17.64
889,3/18/12,6291,F,Bremerton,WA,Food,Canned Foods,Vegetables,4,$7.62
890,3/18/12,5037,M,San Diego,CA,Food,Frozen Foods,Breakfast Foods,3,$3.14
891,3/18/12,5948,M,Los Angeles,CA,Non-Consumable,Household,Paper Products,4,$9.88
892,3/18/12,430,M,Spokane,WA,Food,Snack Foods,Snack Foods,6,$10.38
893,3/18/12,7287,F,San Diego,CA,Food,Produce,Vegetables,3,$12.90
894,3/18/12,4808,M,Portland,OR,Food,Snack Foods,Snack Foods,2,$11.66
895,3/18/12,7456,M,Bellingham,WA,Food,Canned Foods,Canned Soup,1,$6.41
896,3/18/12,873,F,San Diego,CA,Food,Baked Goods,Bread,5,$16.12
897,3/18/12,9103,F,Beverly Hills,CA,Food,Produce,Fruit,5,$19.37
898,3/18/12,1370,F,Seattle,WA,Food,Baking Goods,Baking Goods,3,$6.96
899,3/18/12,1145,F,Tacoma,WA,Non-Consumable,Health and Hygiene,Pain Relievers,4,$12.24
900,3/18/12,1821,M,Salem,OR,Food,Produce,Fruit,5,$21.28
901,3/18/12,6792,M,Salem,OR,Non-Consumable,Household,Paper Products,6,$20.13
902,3/18/12,4670,M,Tacoma,WA,Non-Consumable,Periodicals,Magazines,5,$3.60
903,3/18/12,5241,F,Los Angeles,CA,Non-Consumable,Health and Hygiene,Decongestants,5,$17.76
904,3/18/12,1648,F,Portland,OR,Food,Snack Foods,Snack Foods,3,$8.60
905,3/18/12,9860,F,Portland,OR,Food,Seafood,Seafood,5,$14.85
906,3/18/12,4258,M,Los Angeles,CA,Food,Frozen Foods,Meat,5,$37.58
907,3/19/12,4547,M,Salem,OR,Food,Canned Foods,Vegetables,3,$8.01
908,3/19/12,970,F,San Francisco,CA,Food,Canned Foods,Canned Soup,4,$2.03
909,3/19/12,7391,M,Los Angeles,CA,Drink,Beverages,Hot Beverages,4,$5.72
910,3/19/12,1266,F,Salem,OR,Food,Snack Foods,Snack Foods,3,$7.06
911,3/19/12,1977,M,Yakima,WA,Food,Produce,Specialty,3,$7.08
912,3/19/12,4783,M,Salem,OR,Food,Produce,Fruit,5,$2.93
913,3/19/12,5847,M,Walla Walla,WA,Food,Canned Foods,Vegetables,1,$5.73
914,3/19/12,2756,F,Bremerton,WA,Drink,Alcoholic Beverages,Beer and Wine,4,$3.92
915,3/19/12,2921,F,Spokane,WA,Food,Baking Goods,Baking Goods,4,$6.38
916,3/19/12,7696,M,Yakima,WA,Non-Consumable,Household,Plastic Products,5,$27.42
917,3/19/12,3052,M,Beverly Hills,CA,Food,Baked Goods,Bread,4,$13.37
918,3/19/12,5781,M,Portland,OR,Food,Snack Foods,Snack Foods,4,$18.58
919,3/19/12,7536,F,Los Angeles,CA,Food,Snack Foods,Snack Foods,6,$22.18
920,3/19/12,1730,F,Portland,OR,Food,Canned Products,Fruit,6,$6.52
921,3/19/12,3252,M,San Diego,CA,Food,Frozen Foods,Vegetables,3,$7.26
922,3/19/12,4518,F,Salem,OR,Food,Snack Foods,Snack Foods,4,$19.23
923,3/19/12,2168,F,San Diego,CA,Food,Produce,Vegetables,4,$19.05
924,3/19/12,8123,F,San Diego,CA,Drink,Dairy,Dairy,5,$19.32
925,3/19/12,991,F,San Diego,CA,Non-Consumable,Household,Kitchen Products,5,$6.13
926,3/19/12,1950,F,San Diego,CA,Food,Produce,Vegetables,6,$23.26
927,3/20/12,4357,F,Los Angeles,CA,Food,Produce,Vegetables,4,$26.63
928,3/20/12,3202,F,Portland,OR,Food,Snack Foods,Snack Foods,5,$5.98
929,3/20/12,7961,F,Bellingham,WA,Food,Frozen Foods,Meat,3,$2.28
930,3/20/12,4397,M,Spokane,WA,Food,Frozen Foods,Meat,3,$11.12
931,3/20/12,5167,F,San Diego,CA,Drink,Beverages,Drinks,4,$16.10
932,3/20/12,3476,F,Bremerton,WA,Food,Breakfast Foods,Breakfast Foods,6,$5.78
933,3/20/12,4405,F,Salem,OR,Food,Snack Foods,Snack Foods,5,$12.53
934,3/20/12,2171,M,Yakima,WA,Food,Snack Foods,Snack Foods,3,$1.12
935,3/20/12,638,M,Portland,OR,Food,Dairy,Dairy,3,$7.12
936,3/20/12,9115,F,Portland,OR,Food,Baking Goods,Baking Goods,5,$13.98
937,3/20/12,30,F,Portland,OR,Food,Canned Foods,Canned Soup,5,$19.92
938,3/20/12,3925,F,Portland,OR,Food,Baked Goods,Bread,5,$14.46
939,3/20/12,7105,M,San Diego,CA,Food,Canned Products,Fruit,5,$24.64
940,3/20/12,4357,F,Los Angeles,CA,Food,Produce,Specialty,3,$9.50
941,3/20/12,1602,F,Los Angeles,CA,Food,Baking Goods,Jams and Jellies,5,$5.35
942,3/21/12,376,M,Portland,OR,Food,Frozen Foods,Vegetables,4,$36.06
943,3/21/12,976,F,Spokane,WA,Drink,Beverages,Pure Juice Beverages,2,$15.00
944,3/21/12,6265,F,Yakima,WA,Drink,Alcoholic Beverages,Beer and Wine,3,$22.51
945,3/21/12,6051,F,Portland,OR,Food,Frozen Foods,Frozen Desserts,6,$6.56
946,3/21/12,751,F,Los Angeles,CA,Food,Frozen Foods,Vegetables,4,$12.85
947,3/21/12,3942,M,Seattle,WA,Food,Snack Foods,Snack Foods,4,$18.62
948,3/21/12,3305,M,Salem,OR,Drink,Dairy,Dairy,5,$6.16
949,3/21/12,6565,F,Seattle,WA,Food,Deli,Meat,3,$4.00
950,3/21/12,4241,M,San Francisco,CA,Non-Consumable,Household,Paper Products,2,$7.35
951,3/21/12,6841,M,Bremerton,WA,Food,Snack Foods,Snack Foods,4,$22.88
952,3/21/12,8312,F,Los Angeles,CA,Food,Frozen Foods,Breakfast Foods,2,$3.96
953,3/22/12,8304,F,Salem,OR,Non-Consumable,Health and Hygiene,Cold Remedies,6,$7.71
954,3/22/12,4021,M,Spokane,WA,Food,Snack Foods,Snack Foods,3,$3.78
955,3/22/12,4397,M,Spokane,WA,Food,Deli,Side Dishes,4,$22.30
956,3/22/12,9050,M,Portland,OR,Food,Baking Goods,Baking Goods,5,$2.77
957,3/22/12,4376,M,San Diego,CA,Food,Dairy,Dairy,4,$7.45
958,3/22/12,6522,F,Salem,OR,Food,Frozen Foods,Vegetables,4,$16.51
959,3/22/12,2756,F,Bremerton,WA,Food,Snack Foods,Snack Foods,4,$12.42
960,3/22/12,3019,F,Portland,OR,Food,Snack Foods,Snack Foods,4,$8.95
961,3/22/12,6537,F,Los Angeles,CA,Food,Frozen Foods,Vegetables,4,$18.77
962,3/22/12,7775,M,Los Angeles,CA,Non-Consumable,Periodicals,Magazines,5,$19.79
963,3/22/12,4423,M,Salem,OR,Food,Frozen Foods,Frozen Entrees,3,$15.71
964,3/23/12,9542,M,San Francisco,CA,Food,Dairy,Dairy,1,$10.32
965,3/23/12,5452,F,Salem,OR,Non-Consumable,Health and Hygiene,Hygiene,2,$3.90
966,3/23/12,4774,F,Portland,OR,Non-Consumable,Household,Kitchen Products,4,$9.97
967,3/23/12,2096,F,San Diego,CA,Non-Consumable,Household,Cleaning Supplies,5,$16.24
968,3/23/12,7489,M,San Diego,CA,Food,Eggs,Eggs,4,$15.44
969,3/23/12,1005,M,Bremerton,WA,Food,Snack Foods,Snack Foods,5,$7.18
970,3/23/12,7818,F,Portland,OR,Drink,Beverages,Hot Beverages,3,$12.53
971,3/23/12,9648,F,Salem,OR,Non-Consumable,Checkout,Miscellaneous,3,$12.72
972,3/23/12,591,M,Portland,OR,Food,Snacks,Candy,4,$4.86
973,3/23/12,2977,M,Los Angeles,CA,Food,Snacks,Candy,5,$10.26
974,3/23/12,8410,M,Salem,OR,Food,Canned Foods,Canned Soup,3,$4.96
975,3/23/12,4311,M,San Francisco,CA,Food,Baking Goods,Jams and Jellies,3,$0.67
976,3/24/12,1648,F,Portland,OR,Food,Baked Goods,Bread,4,$10.04
977,3/24/12,1648,F,Portland,OR,Food,Snacks,Candy,5,$14.11
978,3/24/12,8717,F,Tacoma,WA,Food,Canned Foods,Canned Soup,4,$9.36
979,3/24/12,7066,F,San Francisco,CA,Food,Dairy,Dairy,3,$2.21
980,3/24/12,3932,F,Seattle,WA,Food,Frozen Foods,Frozen Desserts,5,$5.11
981,3/24/12,1979,M,Bremerton,WA,Non-Consumable,Health and Hygiene,Hygiene,4,$9.98
982,3/24/12,3124,F,Bremerton,WA,Food,Frozen Foods,Frozen Desserts,5,$44.20
983,3/24/12,7522,M,Salem,OR,Non-Consumable,Health and Hygiene,Cold Remedies,4,$2.48
984,3/24/12,8125,F,Los Angeles,CA,Food,Snack Foods,Snack Foods,4,$29.90
985,3/24/12,4497,M,Tacoma,WA,Food,Breakfast Foods,Breakfast Foods,4,$15.63
986,3/24/12,3921,F,Yakima,WA,Food,Snacks,Candy,3,$5.88
987,3/24/12,4916,M,Seattle,WA,Non-Consumable,Household,Electrical,4,$20.83
988,3/24/12,8108,F,Tacoma,WA,Food,Baked Goods,Bread,6,$6.00
989,3/24/12,2259,M,Seattle,WA,Food,Snack Foods,Snack Foods,3,$18.67
990,3/24/12,4876,F,Seattle,WA,Non-Consumable,Health and Hygiene,Pain Relievers,5,$8.50
991,3/24/12,8198,F,Portland,OR,Food,Produce,Fruit,6,$5.44
992,3/25/12,3826,M,Spokane,WA,Food,Canned Foods,Vegetables,4,$13.74
993,3/25/12,4617,M,San Francisco,CA,Food,Frozen Foods,Frozen Entrees,2,$3.44
994,3/25/12,3204,F,San Diego,CA,Non-Consumable,Household,Paper Products,4,$8.06
995,3/25/12,1347,M,Salem,OR,Non-Consumable,Health and Hygiene,Bathroom Products,3,$11.47
996,3/25/12,6136,F,Los Angeles,CA,Food,Deli,Meat,6,$6.98
997,3/25/12,8769,M,Yakima,WA,Drink,Alcoholic Beverages,Beer and Wine,3,$22.64
998,3/25/12,1253,M,Salem,OR,Food,Canned Foods,Vegetables,5,$25.12
999,3/25/12,6713,M,Salem,OR,Food,Baking Goods,Baking Goods,6,$13.89
1000,3/25/12,2054,M,Seattle,WA,Food,Baking Goods,Baking Goods,5,$4.68